Goal,Initial,Mis. Path Cost,Mis. # Nodes,Mis.Time(mili),Mis. Seq.,Man. Path Cost,Man. # Nodes,Man.Time(mili),Man. Seq.,
123456780,728643150,16,496,4,Swap 7 & 4->Swap 6 & 3->Swap 6 & 2->Swap 8 & 5->Swap 8 & 6->Swap 7 & 1->Swap 4 & 1->Swap 6 & 4->Swap 2 & 8->Swap 4 & 6->Swap 3 & 8->Swap 8 & 6->Swap 5 & 8->Swap 1 & 4->Swap 1 & 7->Swap 4 & 7->DONE,16,78,1,Swap 7 & 4->Swap 6 & 3->Swap 6 & 2->Swap 8 & 5->Swap 8 & 6->Swap 7 & 1->Swap 4 & 1->Swap 6 & 4->Swap 2 & 8->Swap 3 & 8->Swap 4 & 6->Swap 8 & 6->Swap 5 & 8->Swap 4 & 7->Swap 1 & 7->Swap 1 & 4->DONE,
123456780,123456780,0,0,0,DONE,0,0,0,DONE,
123456780,213786450,12,34,0,Swap 2 & 1->Swap 8 & 5->Swap 6 & 3->Swap 3 & 8->Swap 8 & 6->Swap 6 & 3->Swap 3 & 8->Swap 8 & 6->Swap 7 & 4->Swap 1 & 2->Swap 4 & 7->Swap 5 & 8->DONE,12,34,0,Swap 2 & 1->Swap 8 & 5->Swap 6 & 3->Swap 3 & 8->Swap 8 & 6->Swap 6 & 3->Swap 3 & 8->Swap 8 & 6->Swap 7 & 4->Swap 1 & 2->Swap 4 & 7->Swap 5 & 8->DONE,
123456780,132758406,12,45,0,Swap 0 & 8->Swap 6 & 5->Swap 7 & 4->Swap 3 & 2->Swap 8 & 0->Swap 0 & 8->Swap 5 & 6->Swap 8 & 6->Swap 2 & 3->Swap 4 & 7->Swap 6 & 8->Swap 8 & 0->DONE,12,45,1,Swap 0 & 8->Swap 6 & 5->Swap 7 & 4->Swap 3 & 2->Swap 8 & 0->Swap 0 & 8->Swap 5 & 6->Swap 8 & 6->Swap 2 & 3->Swap 4 & 7->Swap 6 & 8->Swap 8 & 0->DONE,
123456780,726153480,12,34,0,Swap 7 & 4->Swap 8 & 5->Swap 5 & 8->Swap 6 & 3->Swap 3 & 6->Swap 6 & 3->Swap 6 & 2->Swap 7 & 1->Swap 2 & 6->Swap 3 & 6->Swap 1 & 7->Swap 4 & 7->DONE,12,34,1,Swap 7 & 4->Swap 8 & 5->Swap 5 & 8->Swap 6 & 3->Swap 3 & 6->Swap 6 & 3->Swap 6 & 2->Swap 7 & 1->Swap 2 & 6->Swap 1 & 7->Swap 3 & 6->Swap 4 & 7->DONE,
123456780,13862574,26,6633,39,Swap 5 & 2->Swap 8 & 2->Swap 5 & 1->Swap 6 & 8->Swap 2 & 6->Swap 0 & 8->Swap 8 & 6->Swap 6 & 0->Swap 6 & 2->Swap 6 & 4->Swap 8 & 7->Swap 2 & 4->Swap 0 & 4->Swap 0 & 2->Swap 0 & 6->Swap 0 & 5->Swap 8 & 5->Swap 1 & 0->Swap 2 & 6->Swap 2 & 0->Swap 4 & 7->Swap 4 & 5->Swap 4 & 8->Swap 5 & 0->Swap 7 & 0->Swap 7 & 8->DONE,26,121,1,Swap 5 & 2->Swap 8 & 2->Swap 5 & 1->Swap 6 & 8->Swap 2 & 6->Swap 0 & 8->Swap 8 & 6->Swap 6 & 0->Swap 6 & 2->Swap 6 & 4->Swap 8 & 7->Swap 2 & 4->Swap 0 & 4->Swap 0 & 2->Swap 0 & 6->Swap 0 & 5->Swap 8 & 5->Swap 1 & 0->Swap 5 & 8->Swap 2 & 6->Swap 2 & 0->Swap 7 & 8->Swap 8 & 0->Swap 4 & 0->Swap 4 & 8->Swap 4 & 5->DONE,
123456780,123056874,14,546,2,Swap 7 & 4->Swap 8 & 4->Swap 0 & 4->Swap 0 & 5->Swap 5 & 0->Swap 0 & 5->Swap 0 & 7->Swap 5 & 7->Swap 8 & 0->Swap 7 & 0->Swap 4 & 0->Swap 5 & 8->Swap 4 & 8->Swap 4 & 5->DONE,14,122,1,Swap 7 & 4->Swap 8 & 4->Swap 0 & 4->Swap 0 & 5->Swap 5 & 0->Swap 0 & 5->Swap 0 & 7->Swap 5 & 7->Swap 4 & 7->Swap 4 & 8->Swap 4 & 0->Swap 8 & 0->Swap 7 & 0->Swap 7 & 8->DONE,
123456780,642185730,20,338,2,Swap 8 & 5->Swap 4 & 1->Swap 0 & 5->Swap 5 & 0->Swap 0 & 5->Swap 8 & 1->Swap 6 & 3->Swap 6 & 2->Swap 5 & 3->Swap 3 & 0->Swap 3 & 1->Swap 6 & 4->Swap 1 & 3->Swap 1 & 8->Swap 3 & 8->Swap 5 & 3->Swap 4 & 6->Swap 1 & 4->Swap 2 & 6->Swap 3 & 6->DONE,20,67,0,Swap 8 & 5->Swap 4 & 1->Swap 0 & 5->Swap 5 & 0->Swap 0 & 5->Swap 8 & 1->Swap 6 & 3->Swap 6 & 2->Swap 5 & 3->Swap 3 & 0->Swap 3 & 1->Swap 6 & 4->Swap 1 & 3->Swap 1 & 8->Swap 1 & 6->Swap 3 & 8->Swap 3 & 4->Swap 2 & 3->Swap 4 & 6->Swap 5 & 6->DONE,
123456780,258730146,24,3512,17,Swap 7 & 4->Swap 2 & 1->Swap 6 & 3->Swap 5 & 1->Swap 8 & 1->Swap 3 & 6->Swap 6 & 3->Swap 3 & 8->Swap 7 & 2->Swap 1 & 4->Swap 3 & 5->Swap 5 & 3->Swap 8 & 6->Swap 0 & 6->Swap 2 & 7->Swap 6 & 0->Swap 1 & 7->Swap 6 & 3->Swap 5 & 2->Swap 3 & 8->Swap 8 & 6->Swap 4 & 8->Swap 1 & 5->Swap 4 & 5->DONE,24,165,1,Swap 7 & 4->Swap 2 & 1->Swap 6 & 3->Swap 5 & 1->Swap 8 & 1->Swap 3 & 6->Swap 6 & 3->Swap 3 & 8->Swap 7 & 2->Swap 1 & 4->Swap 3 & 5->Swap 5 & 3->Swap 8 & 6->Swap 0 & 6->Swap 2 & 7->Swap 3 & 5->Swap 8 & 3->Swap 1 & 7->Swap 6 & 0->Swap 8 & 2->Swap 1 & 8->Swap 7 & 8->Swap 4 & 8->Swap 4 & 7->DONE,
123456780,347250168,18,3420,16,Swap 7 & 4->Swap 7 & 1->Swap 0 & 6->Swap 2 & 7->Swap 3 & 7->Swap 4 & 1->Swap 6 & 8->Swap 4 & 2->Swap 3 & 4->Swap 8 & 6->Swap 6 & 0->Swap 7 & 4->Swap 7 & 3->Swap 2 & 7->Swap 1 & 7->Swap 4 & 3->Swap 4 & 2->Swap 1 & 4->DONE,18,100,1,Swap 7 & 4->Swap 7 & 1->Swap 0 & 6->Swap 2 & 7->Swap 3 & 7->Swap 4 & 1->Swap 6 & 8->Swap 4 & 2->Swap 3 & 4->Swap 4 & 3->Swap 2 & 4->Swap 7 & 3->Swap 7 & 2->Swap 8 & 6->Swap 6 & 0->Swap 4 & 7->Swap 1 & 7->Swap 1 & 4->DONE,
123456780,812740356,24,654,1,Swap 8 & 5->Swap 7 & 4->Swap 6 & 3->Swap 8 & 2->Swap 5 & 4->Swap 3 & 2->Swap 0 & 2->Swap 7 & 1->Swap 2 & 0->Swap 2 & 6->Swap 4 & 5->Swap 0 & 6->Swap 1 & 7->Swap 3 & 7->Swap 4 & 3->Swap 7 & 4->Swap 8 & 1->Swap 6 & 0->Swap 1 & 8->Swap 3 & 7->Swap 4 & 3->Swap 3 & 8->Swap 2 & 3->Swap 5 & 8->DONE,24,78,1,Swap 8 & 5->Swap 7 & 4->Swap 6 & 3->Swap 8 & 2->Swap 5 & 4->Swap 3 & 2->Swap 0 & 2->Swap 7 & 1->Swap 2 & 0->Swap 2 & 6->Swap 4 & 5->Swap 0 & 6->Swap 1 & 7->Swap 3 & 7->Swap 4 & 3->Swap 7 & 4->Swap 8 & 1->Swap 1 & 8->Swap 3 & 7->Swap 4 & 3->Swap 3 & 8->Swap 2 & 3->Swap 5 & 8->Swap 6 & 0->DONE,
123456780,516823740,16,249,0,Swap 6 & 3->Swap 2 & 1->Swap 3 & 6->Swap 5 & 4->Swap 8 & 4->Swap 5 & 2->Swap 7 & 2->Swap 2 & 7->Swap 6 & 3->Swap 8 & 2->Swap 3 & 6->Swap 1 & 5->Swap 2 & 8->Swap 4 & 8->Swap 4 & 2->Swap 2 & 5->DONE,16,77,0,Swap 6 & 3->Swap 2 & 1->Swap 3 & 6->Swap 5 & 4->Swap 8 & 4->Swap 5 & 2->Swap 7 & 2->Swap 2 & 7->Swap 6 & 3->Swap 8 & 2->Swap 1 & 5->Swap 2 & 5->Swap 3 & 6->Swap 7 & 8->Swap 4 & 8->Swap 4 & 7->DONE,
123456780,715032648,30,8251,47,Swap 0 & 6->Swap 8 & 7->Swap 2 & 1->Swap 5 & 1->Swap 4 & 2->Swap 1 & 2->Swap 7 & 8->Swap 8 & 2->Swap 1 & 4->Swap 8 & 5->Swap 5 & 8->Swap 0 & 8->Swap 3 & 5->Swap 0 & 3->Swap 6 & 2->Swap 0 & 1->Swap 7 & 4->Swap 2 & 8->Swap 7 & 0->Swap 6 & 4->Swap 2 & 3->Swap 1 & 7->Swap 2 & 7->Swap 3 & 5->Swap 4 & 7->Swap 7 & 6->Swap 8 & 6->Swap 4 & 0->Swap 5 & 0->Swap 6 & 0->DONE,30,111,1,Swap 0 & 6->Swap 8 & 7->Swap 2 & 1->Swap 5 & 1->Swap 4 & 2->Swap 1 & 2->Swap 7 & 8->Swap 8 & 2->Swap 1 & 4->Swap 8 & 5->Swap 5 & 8->Swap 0 & 8->Swap 3 & 5->Swap 0 & 3->Swap 6 & 2->Swap 0 & 1->Swap 7 & 4->Swap 2 & 8->Swap 7 & 0->Swap 6 & 4->Swap 2 & 5->Swap 6 & 0->Swap 5 & 3->Swap 4 & 0->Swap 8 & 0->Swap 6 & 7->Swap 1 & 6->Swap 2 & 6->Swap 3 & 6->Swap 4 & 7->DONE,
123456780,426718503,22,232,3,Swap 6 & 3->Swap 3 & 5->Swap 2 & 1->Swap 8 & 3->Swap 1 & 2->Swap 6 & 2->Swap 5 & 8->Swap 4 & 1->Swap 0 & 3->Swap 5 & 1->Swap 2 & 6->Swap 0 & 7->Swap 7 & 0->Swap 7 & 5->Swap 8 & 6->Swap 6 & 8->Swap 5 & 7->Swap 1 & 5->Swap 1 & 4->Swap 3 & 8->Swap 3 & 6->Swap 8 & 0->DONE,22,67,1,Swap 6 & 3->Swap 3 & 5->Swap 2 & 1->Swap 8 & 3->Swap 1 & 2->Swap 6 & 2->Swap 5 & 8->Swap 4 & 1->Swap 0 & 3->Swap 5 & 1->Swap 2 & 6->Swap 0 & 7->Swap 7 & 0->Swap 7 & 5->Swap 8 & 6->Swap 6 & 8->Swap 5 & 7->Swap 1 & 5->Swap 1 & 4->Swap 3 & 8->Swap 3 & 6->Swap 8 & 0->DONE,
123456780,428150736,20,600,5,Swap 5 & 4->Swap 0 & 6->Swap 4 & 2->Swap 5 & 1->Swap 8 & 2->Swap 4 & 5->Swap 0 & 8->Swap 8 & 3->Swap 1 & 4->Swap 3 & 0->Swap 2 & 3->Swap 4 & 1->Swap 2 & 5->Swap 1 & 4->Swap 0 & 8->Swap 6 & 8->Swap 8 & 3->Swap 3 & 6->Swap 3 & 0->Swap 6 & 0->DONE,20,143,2,Swap 5 & 4->Swap 0 & 6->Swap 4 & 2->Swap 5 & 1->Swap 8 & 2->Swap 4 & 5->Swap 0 & 8->Swap 8 & 3->Swap 1 & 4->Swap 3 & 0->Swap 2 & 3->Swap 4 & 1->Swap 2 & 5->Swap 1 & 4->Swap 0 & 8->Swap 6 & 8->Swap 8 & 3->Swap 6 & 0->Swap 3 & 0->Swap 3 & 6->DONE,
123456780,135726804,20,129,1,Swap 7 & 4->Swap 7 & 1->Swap 8 & 4->Swap 6 & 5->Swap 5 & 3->Swap 1 & 7->Swap 0 & 3->Swap 3 & 4->Swap 0 & 6->Swap 6 & 0->Swap 0 & 6->Swap 5 & 2->Swap 2 & 5->Swap 3 & 0->Swap 3 & 2->Swap 4 & 0->Swap 5 & 3->Swap 2 & 5->Swap 4 & 8->Swap 4 & 7->DONE,20,56,0,Swap 7 & 4->Swap 7 & 1->Swap 8 & 4->Swap 6 & 5->Swap 5 & 3->Swap 1 & 7->Swap 0 & 3->Swap 3 & 4->Swap 0 & 6->Swap 6 & 0->Swap 0 & 6->Swap 5 & 2->Swap 2 & 5->Swap 3 & 0->Swap 3 & 2->Swap 5 & 3->Swap 2 & 5->Swap 4 & 0->Swap 4 & 8->Swap 4 & 7->DONE,
123456780,358710246,22,1868,17,Swap 8 & 5->Swap 8 & 2->Swap 5 & 2->Swap 3 & 8->Swap 5 & 4->Swap 0 & 6->Swap 0 & 8->Swap 8 & 0->Swap 5 & 1->Swap 4 & 1->Swap 3 & 5->Swap 7 & 4->Swap 2 & 4->Swap 6 & 0->Swap 1 & 5->Swap 2 & 7->Swap 1 & 3->Swap 8 & 3->Swap 4 & 5->Swap 4 & 2->Swap 2 & 8->Swap 5 & 8->DONE,22,121,1,Swap 8 & 5->Swap 8 & 2->Swap 5 & 2->Swap 3 & 8->Swap 5 & 4->Swap 0 & 6->Swap 0 & 8->Swap 8 & 0->Swap 5 & 1->Swap 4 & 1->Swap 3 & 5->Swap 7 & 4->Swap 2 & 4->Swap 1 & 5->Swap 1 & 3->Swap 8 & 3->Swap 6 & 0->Swap 4 & 2->Swap 4 & 7->Swap 5 & 8->Swap 2 & 8->Swap 2 & 5->DONE,
123456780,524317860,20,2656,22,Swap 4 & 1->Swap 3 & 2->Swap 3 & 4->Swap 8 & 7->Swap 5 & 1->Swap 0 & 7->Swap 6 & 1->Swap 7 & 0->Swap 7 & 6->Swap 5 & 3->Swap 1 & 7->Swap 2 & 4->Swap 1 & 3->Swap 1 & 5->Swap 7 & 3->Swap 6 & 7->Swap 7 & 8->Swap 3 & 4->Swap 4 & 6->Swap 4 & 5->DONE,20,122,1,Swap 4 & 1->Swap 3 & 2->Swap 3 & 4->Swap 8 & 7->Swap 5 & 1->Swap 0 & 7->Swap 6 & 1->Swap 7 & 0->Swap 7 & 6->Swap 5 & 3->Swap 1 & 7->Swap 2 & 4->Swap 1 & 3->Swap 1 & 5->Swap 7 & 3->Swap 3 & 4->Swap 6 & 7->Swap 4 & 6->Swap 4 & 5->Swap 7 & 8->DONE,
123456780,741280356,30,2118,10,Swap 6 & 5->Swap 5 & 3->Swap 3 & 6->Swap 3 & 4->Swap 0 & 6->Swap 3 & 1->Swap 1 & 3->Swap 4 & 3->Swap 6 & 8->Swap 3 & 4->Swap 8 & 0->Swap 0 & 8->Swap 5 & 2->Swap 8 & 6->Swap 4 & 5->Swap 2 & 4->Swap 7 & 3->Swap 2 & 1->Swap 7 & 2->Swap 8 & 5->Swap 4 & 1->Swap 5 & 8->Swap 6 & 0->Swap 2 & 7->Swap 3 & 7->Swap 5 & 4->Swap 4 & 3->Swap 3 & 5->Swap 1 & 3->Swap 1 & 2->DONE,30,110,0,Swap 6 & 5->Swap 5 & 3->Swap 3 & 6->Swap 3 & 4->Swap 0 & 6->Swap 3 & 1->Swap 1 & 3->Swap 4 & 3->Swap 6 & 8->Swap 3 & 4->Swap 8 & 0->Swap 0 & 8->Swap 5 & 2->Swap 8 & 6->Swap 4 & 5->Swap 2 & 4->Swap 7 & 3->Swap 2 & 1->Swap 7 & 2->Swap 8 & 5->Swap 4 & 1->Swap 2 & 7->Swap 4 & 2->Swap 3 & 7->Swap 3 & 4->Swap 5 & 8->Swap 6 & 0->Swap 2 & 3->Swap 1 & 3->Swap 1 & 2->DONE,
123456780,123746850,8,56,0,Swap 7 & 4->Swap 4 & 7->Swap 5 & 4->Swap 7 & 5->Swap 8 & 5->Swap 4 & 7->Swap 5 & 7->Swap 7 & 8->DONE,8,34,0,Swap 7 & 4->Swap 4 & 7->Swap 5 & 4->Swap 7 & 5->Swap 8 & 5->Swap 8 & 7->Swap 4 & 8->Swap 5 & 8->DONE,
123456780,132405876,12,45,0,Swap 0 & 6->Swap 8 & 7->Swap 5 & 2->Swap 0 & 2->Swap 3 & 5->Swap 6 & 7->Swap 7 & 6->Swap 2 & 5->Swap 2 & 3->Swap 7 & 8->Swap 5 & 0->Swap 6 & 0->DONE,12,45,0,Swap 0 & 6->Swap 8 & 7->Swap 5 & 2->Swap 0 & 2->Swap 3 & 5->Swap 6 & 7->Swap 7 & 6->Swap 2 & 5->Swap 2 & 3->Swap 5 & 0->Swap 6 & 0->Swap 7 & 8->DONE,
123456780,158403726,14,204,1,Swap 5 & 2->Swap 6 & 2->Swap 0 & 2->Swap 8 & 6->Swap 0 & 3->Swap 3 & 8->Swap 2 & 6->Swap 8 & 0->Swap 0 & 3->Swap 3 & 8->Swap 8 & 0->Swap 6 & 0->Swap 2 & 8->Swap 2 & 5->DONE,14,56,0,Swap 5 & 2->Swap 6 & 2->Swap 0 & 2->Swap 8 & 6->Swap 0 & 3->Swap 3 & 8->Swap 2 & 6->Swap 8 & 0->Swap 0 & 3->Swap 3 & 8->Swap 2 & 0->Swap 2 & 5->Swap 6 & 8->Swap 8 & 0->DONE,
123456780,438521076,20,1584,4,Swap 4 & 1->Swap 8 & 5->Swap 8 & 2->Swap 3 & 8->Swap 2 & 1->Swap 0 & 5->Swap 5 & 6->Swap 0 & 7->Swap 5 & 1->Swap 6 & 1->Swap 5 & 2->Swap 1 & 6->Swap 6 & 1->Swap 8 & 3->Swap 7 & 0->Swap 1 & 0->Swap 2 & 8->Swap 1 & 8->Swap 1 & 5->Swap 1 & 4->DONE,20,110,1,Swap 4 & 1->Swap 8 & 5->Swap 8 & 2->Swap 3 & 8->Swap 2 & 1->Swap 0 & 5->Swap 5 & 6->Swap 0 & 7->Swap 5 & 1->Swap 6 & 1->Swap 5 & 2->Swap 1 & 6->Swap 8 & 3->Swap 2 & 8->Swap 7 & 0->Swap 1 & 8->Swap 1 & 5->Swap 1 & 4->Swap 6 & 8->Swap 8 & 0->DONE,
123456780,423156780,2,12,0,Swap 4 & 1->Swap 1 & 4->DONE,2,12,0,Swap 4 & 1->Swap 1 & 4->DONE,
123456780,132750846,8,56,0,Swap 7 & 4->Swap 3 & 2->Swap 8 & 4->Swap 0 & 6->Swap 2 & 3->Swap 6 & 0->Swap 4 & 8->Swap 4 & 7->DONE,8,45,0,Swap 7 & 4->Swap 3 & 2->Swap 8 & 4->Swap 0 & 6->Swap 2 & 3->Swap 6 & 0->Swap 4 & 8->Swap 4 & 7->DONE,
123456780,153402768,30,114,1,Swap 4 & 1->Swap 0 & 6->Swap 3 & 2->Swap 8 & 7->Swap 6 & 7->Swap 8 & 1->Swap 5 & 8->Swap 7 & 0->Swap 0 & 6->Swap 7 & 2->Swap 7 & 3->Swap 8 & 5->Swap 5 & 8->Swap 8 & 5->Swap 5 & 7->Swap 3 & 5->Swap 7 & 8->Swap 1 & 7->Swap 5 & 3->Swap 1 & 4->Swap 4 & 1->Swap 1 & 4->Swap 6 & 0->Swap 2 & 8->Swap 0 & 8->Swap 0 & 2->Swap 8 & 6->Swap 2 & 0->Swap 2 & 5->Swap 6 & 0->DONE,30,45,0,Swap 4 & 1->Swap 0 & 6->Swap 3 & 2->Swap 8 & 7->Swap 6 & 7->Swap 8 & 1->Swap 5 & 8->Swap 7 & 0->Swap 0 & 6->Swap 7 & 2->Swap 7 & 3->Swap 8 & 5->Swap 5 & 8->Swap 8 & 5->Swap 5 & 7->Swap 3 & 5->Swap 7 & 8->Swap 1 & 7->Swap 5 & 3->Swap 1 & 4->Swap 4 & 1->Swap 1 & 4->Swap 6 & 0->Swap 2 & 8->Swap 0 & 8->Swap 0 & 2->Swap 6 & 0->Swap 2 & 6->Swap 2 & 5->Swap 8 & 0->DONE,
123456780,158463720,10,97,0,Swap 5 & 2->Swap 8 & 2->Swap 6 & 8->Swap 7 & 4->Swap 4 & 7->Swap 8 & 3->Swap 3 & 8->Swap 8 & 6->Swap 2 & 8->Swap 2 & 5->DONE,10,45,0,Swap 5 & 2->Swap 8 & 2->Swap 6 & 8->Swap 7 & 4->Swap 4 & 7->Swap 8 & 3->Swap 3 & 8->Swap 8 & 6->Swap 2 & 8->Swap 2 & 5->DONE,
123456780,146302785,16,306,1,Swap 3 & 2->Swap 3 & 1->Swap 4 & 3->Swap 0 & 6->Swap 0 & 5->Swap 7 & 3->Swap 3 & 7->Swap 6 & 5->Swap 6 & 2->Swap 1 & 4->Swap 2 & 0->Swap 2 & 4->Swap 5 & 0->Swap 4 & 3->Swap 5 & 3->Swap 3 & 6->DONE,16,78,0,Swap 3 & 2->Swap 3 & 1->Swap 4 & 3->Swap 0 & 6->Swap 0 & 5->Swap 7 & 3->Swap 3 & 7->Swap 6 & 5->Swap 6 & 2->Swap 1 & 4->Swap 2 & 0->Swap 2 & 4->Swap 4 & 3->Swap 5 & 0->Swap 5 & 3->Swap 3 & 6->DONE,
123456780,325864170,18,1068,2,Swap 3 & 2->Swap 4 & 1->Swap 5 & 1->Swap 5 & 4->Swap 8 & 1->Swap 8 & 4->Swap 3 & 5->Swap 2 & 5->Swap 6 & 4->Swap 1 & 7->Swap 1 & 8->Swap 7 & 8->Swap 1 & 3->Swap 4 & 6->Swap 4 & 3->Swap 6 & 5->Swap 5 & 3->Swap 3 & 6->DONE,18,121,1,Swap 3 & 2->Swap 4 & 1->Swap 5 & 1->Swap 5 & 4->Swap 8 & 1->Swap 8 & 4->Swap 3 & 5->Swap 2 & 5->Swap 6 & 4->Swap 1 & 7->Swap 1 & 8->Swap 4 & 6->Swap 7 & 8->Swap 1 & 3->Swap 4 & 3->Swap 3 & 2->Swap 5 & 3->Swap 2 & 5->DONE,
123456780,163472508,16,1041,2,Swap 5 & 4->Swap 6 & 3->Swap 6 & 2->Swap 7 & 5->Swap 0 & 8->Swap 3 & 2->Swap 4 & 7->Swap 7 & 4->Swap 4 & 7->Swap 8 & 0->Swap 7 & 4->Swap 4 & 6->Swap 2 & 6->Swap 2 & 4->Swap 5 & 7->Swap 4 & 5->DONE,16,78,0,Swap 5 & 4->Swap 6 & 3->Swap 6 & 2->Swap 7 & 5->Swap 0 & 8->Swap 3 & 2->Swap 4 & 7->Swap 7 & 4->Swap 4 & 7->Swap 8 & 0->Swap 7 & 6->Swap 2 & 6->Swap 2 & 7->Swap 5 & 4->Swap 7 & 5->Swap 4 & 7->DONE,
123456780,123546780,2,12,0,Swap 5 & 4->Swap 4 & 5->DONE,2,12,0,Swap 5 & 4->Swap 4 & 5->DONE,
123456780,142735806,20,1103,3,Swap 8 & 7->Swap 7 & 5->Swap 0 & 5->Swap 6 & 3->Swap 6 & 2->Swap 3 & 2->Swap 3 & 6->Swap 7 & 4->Swap 7 & 1->Swap 1 & 7->Swap 2 & 6->Swap 4 & 3->Swap 5 & 6->Swap 2 & 4->Swap 5 & 3->Swap 3 & 4->Swap 6 & 4->Swap 4 & 0->Swap 4 & 8->Swap 4 & 7->DONE,20,111,0,Swap 8 & 7->Swap 7 & 5->Swap 0 & 5->Swap 6 & 3->Swap 6 & 2->Swap 3 & 2->Swap 3 & 6->Swap 7 & 4->Swap 7 & 1->Swap 1 & 7->Swap 2 & 6->Swap 4 & 3->Swap 5 & 6->Swap 3 & 4->Swap 2 & 3->Swap 8 & 7->Swap 4 & 8->Swap 0 & 8->Swap 5 & 0->Swap 6 & 0->DONE,
123456780,286753401,16,550,1,Swap 2 & 1->Swap 5 & 1->Swap 1 & 5->Swap 7 & 4->Swap 5 & 1->Swap 8 & 1->Swap 0 & 1->Swap 8 & 5->Swap 6 & 3->Swap 3 & 6->Swap 4 & 7->Swap 1 & 0->Swap 5 & 8->Swap 1 & 8->Swap 1 & 5->Swap 1 & 2->DONE,16,110,1,Swap 2 & 1->Swap 5 & 1->Swap 1 & 5->Swap 7 & 4->Swap 5 & 1->Swap 8 & 1->Swap 0 & 1->Swap 8 & 5->Swap 6 & 3->Swap 3 & 6->Swap 4 & 7->Swap 1 & 0->Swap 5 & 8->Swap 1 & 8->Swap 1 & 5->Swap 1 & 2->DONE,
123456780,57126834,32,31744,167,Swap 0 & 6->Swap 7 & 4->Swap 8 & 4->Swap 5 & 2->Swap 0 & 2->Swap 5 & 1->Swap 6 & 2->Swap 0 & 7->Swap 2 & 4->Swap 4 & 2->Swap 2 & 4->Swap 7 & 1->Swap 6 & 1->Swap 1 & 6->Swap 2 & 8->Swap 3 & 7->Swap 1 & 0->Swap 8 & 2->Swap 0 & 3->Swap 0 & 5->Swap 2 & 3->Swap 2 & 5->Swap 4 & 3->Swap 3 & 6->Swap 3 & 7->Swap 6 & 7->Swap 1 & 0->Swap 4 & 8->Swap 4 & 0->Swap 7 & 8->Swap 7 & 0->Swap 8 & 0->DONE,32,133,1,Swap 0 & 6->Swap 7 & 4->Swap 8 & 4->Swap 5 & 2->Swap 0 & 2->Swap 5 & 1->Swap 6 & 2->Swap 0 & 7->Swap 2 & 4->Swap 4 & 2->Swap 2 & 4->Swap 7 & 1->Swap 6 & 1->Swap 1 & 6->Swap 2 & 8->Swap 3 & 7->Swap 1 & 0->Swap 8 & 2->Swap 0 & 3->Swap 0 & 5->Swap 2 & 3->Swap 1 & 0->Swap 2 & 5->Swap 4 & 3->Swap 4 & 8->Swap 4 & 0->Swap 6 & 7->Swap 3 & 7->Swap 3 & 6->Swap 8 & 0->Swap 7 & 0->Swap 7 & 8->DONE,
123456780,231786450,16,56,1,Swap 8 & 5->Swap 6 & 8->Swap 8 & 6->Swap 0 & 6->Swap 5 & 7->Swap 2 & 1->Swap 7 & 5->Swap 3 & 1->Swap 3 & 2->Swap 6 & 0->Swap 2 & 3->Swap 7 & 4->Swap 4 & 7->Swap 5 & 8->Swap 1 & 3->Swap 1 & 2->DONE,16,45,0,Swap 8 & 5->Swap 6 & 8->Swap 8 & 6->Swap 0 & 6->Swap 5 & 7->Swap 2 & 1->Swap 7 & 5->Swap 3 & 1->Swap 3 & 2->Swap 6 & 0->Swap 2 & 3->Swap 7 & 4->Swap 1 & 3->Swap 1 & 2->Swap 4 & 7->Swap 5 & 8->DONE,
123456780,512436780,10,45,0,Swap 6 & 5->Swap 5 & 6->Swap 0 & 6->Swap 6 & 0->Swap 3 & 2->Swap 5 & 3->Swap 5 & 1->Swap 1 & 5->Swap 3 & 5->Swap 2 & 3->DONE,10,34,1,Swap 6 & 5->Swap 5 & 6->Swap 0 & 6->Swap 6 & 0->Swap 3 & 2->Swap 5 & 3->Swap 5 & 1->Swap 1 & 5->Swap 3 & 5->Swap 2 & 3->DONE,
123456780,632475108,18,728,6,Swap 3 & 2->Swap 4 & 1->Swap 5 & 1->Swap 0 & 8->Swap 8 & 0->Swap 1 & 5->Swap 7 & 1->Swap 6 & 5->Swap 6 & 7->Swap 0 & 8->Swap 6 & 4->Swap 2 & 3->Swap 8 & 0->Swap 7 & 4->Swap 1 & 7->Swap 1 & 6->Swap 4 & 6->Swap 5 & 6->DONE,18,88,0,Swap 3 & 2->Swap 4 & 1->Swap 5 & 1->Swap 0 & 8->Swap 8 & 0->Swap 1 & 5->Swap 7 & 1->Swap 6 & 5->Swap 6 & 7->Swap 0 & 8->Swap 6 & 4->Swap 2 & 3->Swap 8 & 0->Swap 1 & 4->Swap 1 & 6->Swap 7 & 6->Swap 4 & 7->Swap 5 & 6->DONE,
123456780,426753108,8,56,1,Swap 4 & 1->Swap 7 & 1->Swap 6 & 3->Swap 0 & 8->Swap 3 & 6->Swap 8 & 0->Swap 1 & 7->Swap 1 & 4->DONE,8,45,0,Swap 4 & 1->Swap 7 & 1->Swap 6 & 3->Swap 0 & 8->Swap 3 & 6->Swap 1 & 7->Swap 1 & 4->Swap 8 & 0->DONE,
123456780,723504168,24,349,3,Swap 0 & 6->Swap 7 & 4->Swap 8 & 5->Swap 5 & 4->Swap 0 & 8->Swap 5 & 7->Swap 4 & 7->Swap 8 & 0->Swap 0 & 8->Swap 7 & 4->Swap 6 & 4->Swap 4 & 8->Swap 5 & 1->Swap 1 & 5->Swap 7 & 5->Swap 7 & 1->Swap 5 & 1->Swap 8 & 6->Swap 4 & 0->Swap 4 & 5->Swap 6 & 0->Swap 4 & 7->Swap 1 & 7->Swap 1 & 4->DONE,24,88,0,Swap 0 & 6->Swap 7 & 4->Swap 8 & 5->Swap 5 & 4->Swap 0 & 8->Swap 5 & 7->Swap 4 & 7->Swap 8 & 0->Swap 0 & 8->Swap 7 & 4->Swap 6 & 4->Swap 4 & 8->Swap 5 & 1->Swap 1 & 5->Swap 7 & 5->Swap 7 & 1->Swap 5 & 1->Swap 6 & 0->Swap 4 & 6->Swap 4 & 5->Swap 8 & 0->Swap 4 & 7->Swap 1 & 7->Swap 1 & 4->DONE,
123456780,546810723,20,164,2,Swap 0 & 8->Swap 4 & 1->Swap 5 & 2->Swap 2 & 1->Swap 6 & 3->Swap 5 & 4->Swap 0 & 1->Swap 8 & 3->Swap 8 & 0->Swap 1 & 8->Swap 8 & 7->Swap 8 & 2->Swap 7 & 2->Swap 3 & 0->Swap 3 & 6->Swap 1 & 4->Swap 1 & 5->Swap 4 & 8->Swap 2 & 8->Swap 2 & 5->DONE,22,111,0,Swap 0 & 8->Swap 4 & 1->Swap 5 & 2->Swap 2 & 1->Swap 6 & 3->Swap 5 & 4->Swap 0 & 1->Swap 8 & 3->Swap 8 & 0->Swap 1 & 8->Swap 8 & 7->Swap 8 & 2->Swap 7 & 2->Swap 4 & 5->Swap 1 & 5->Swap 3 & 0->Swap 3 & 6->Swap 8 & 4->Swap 1 & 8->Swap 5 & 8->Swap 2 & 8->Swap 2 & 5->DONE,
123456780,513672408,16,201,2,Swap 0 & 6->Swap 5 & 2->Swap 6 & 8->Swap 0 & 2->Swap 6 & 0->Swap 7 & 4->Swap 7 & 1->Swap 1 & 7->Swap 5 & 1->Swap 6 & 7->Swap 8 & 0->Swap 1 & 5->Swap 7 & 6->Swap 4 & 7->Swap 2 & 6->Swap 2 & 5->DONE,16,67,1,Swap 0 & 6->Swap 5 & 2->Swap 6 & 8->Swap 0 & 2->Swap 6 & 0->Swap 7 & 4->Swap 7 & 1->Swap 1 & 7->Swap 5 & 1->Swap 6 & 7->Swap 1 & 5->Swap 7 & 6->Swap 4 & 7->Swap 2 & 6->Swap 2 & 5->Swap 8 & 0->DONE,
123456780,213456780,4,12,0,Swap 0 & 6->Swap 2 & 1->Swap 6 & 0->Swap 1 & 2->DONE,4,12,0,Swap 0 & 6->Swap 2 & 1->Swap 6 & 0->Swap 1 & 2->DONE,
123456780,163725840,28,56,1,Swap 4 & 1->Swap 0 & 8->Swap 0 & 5->Swap 3 & 2->Swap 6 & 2->Swap 1 & 4->Swap 2 & 0->Swap 8 & 0->Swap 0 & 5->Swap 4 & 1->Swap 1 & 4->Swap 0 & 2->Swap 8 & 6->Swap 2 & 7->Swap 2 & 4->Swap 8 & 3->Swap 8 & 1->Swap 6 & 0->Swap 6 & 2->Swap 6 & 8->Swap 5 & 0->Swap 1 & 6->Swap 7 & 4->Swap 7 & 8->Swap 2 & 6->Swap 5 & 6->Swap 4 & 8->Swap 4 & 7->DONE,28,45,0,Swap 4 & 1->Swap 0 & 8->Swap 0 & 5->Swap 3 & 2->Swap 6 & 2->Swap 1 & 4->Swap 2 & 0->Swap 8 & 0->Swap 0 & 5->Swap 4 & 1->Swap 1 & 4->Swap 0 & 2->Swap 8 & 6->Swap 2 & 7->Swap 2 & 4->Swap 8 & 3->Swap 8 & 1->Swap 6 & 0->Swap 6 & 2->Swap 6 & 8->Swap 5 & 0->Swap 1 & 6->Swap 7 & 4->Swap 7 & 8->Swap 2 & 6->Swap 5 & 6->Swap 4 & 8->Swap 4 & 7->DONE,
123456780,617450823,24,1799,12,Swap 6 & 3->Swap 2 & 1->Swap 6 & 1->Swap 5 & 4->Swap 6 & 2->Swap 7 & 5->Swap 7 & 6->Swap 8 & 5->Swap 4 & 2->Swap 5 & 2->Swap 2 & 5->Swap 5 & 2->Swap 4 & 7->Swap 6 & 4->Swap 0 & 3->Swap 1 & 7->Swap 1 & 6->Swap 3 & 0->Swap 3 & 7->Swap 2 & 5->Swap 2 & 6->Swap 7 & 6->Swap 5 & 7->Swap 7 & 8->DONE,24,100,1,Swap 6 & 3->Swap 2 & 1->Swap 6 & 1->Swap 5 & 4->Swap 6 & 2->Swap 7 & 5->Swap 7 & 6->Swap 8 & 5->Swap 4 & 2->Swap 5 & 2->Swap 2 & 5->Swap 5 & 2->Swap 4 & 7->Swap 6 & 4->Swap 0 & 3->Swap 1 & 7->Swap 1 & 6->Swap 7 & 6->Swap 3 & 0->Swap 3 & 6->Swap 2 & 5->Swap 2 & 7->Swap 5 & 7->Swap 7 & 8->DONE,
123456780,186073245,20,922,5,Swap 8 & 5->Swap 6 & 8->Swap 0 & 5->Swap 8 & 6->Swap 0 & 7->Swap 8 & 2->Swap 6 & 2->Swap 2 & 6->Swap 2 & 4->Swap 6 & 3->Swap 0 & 2->Swap 7 & 4->Swap 3 & 6->Swap 4 & 2->Swap 2 & 7->Swap 4 & 0->Swap 2 & 8->Swap 7 & 0->Swap 5 & 0->Swap 5 & 8->DONE,20,100,1,Swap 8 & 5->Swap 6 & 8->Swap 0 & 5->Swap 8 & 6->Swap 0 & 7->Swap 8 & 2->Swap 6 & 2->Swap 2 & 6->Swap 2 & 4->Swap 6 & 3->Swap 0 & 2->Swap 7 & 4->Swap 3 & 6->Swap 2 & 0->Swap 7 & 2->Swap 2 & 8->Swap 4 & 0->Swap 4 & 7->Swap 5 & 0->Swap 5 & 8->DONE,
123456780,132486570,8,45,0,Swap 8 & 5->Swap 3 & 2->Swap 5 & 7->Swap 8 & 4->Swap 4 & 8->Swap 2 & 3->Swap 7 & 5->Swap 5 & 8->DONE,8,34,0,Swap 8 & 5->Swap 3 & 2->Swap 5 & 7->Swap 8 & 4->Swap 4 & 8->Swap 2 & 3->Swap 7 & 5->Swap 5 & 8->DONE,
123456780,104836527,24,1470,8,Swap 2 & 1->Swap 4 & 2->Swap 3 & 1->Swap 3 & 4->Swap 8 & 7->Swap 1 & 4->Swap 0 & 7->Swap 8 & 2->Swap 7 & 6->Swap 1 & 3->Swap 0 & 5->Swap 6 & 7->Swap 5 & 2->Swap 7 & 6->Swap 0 & 3->Swap 6 & 7->Swap 3 & 0->Swap 2 & 0->Swap 7 & 0->Swap 7 & 5->Swap 4 & 3->Swap 2 & 4->Swap 4 & 8->Swap 5 & 8->DONE,24,89,1,Swap 2 & 1->Swap 4 & 2->Swap 3 & 1->Swap 3 & 4->Swap 8 & 7->Swap 1 & 4->Swap 0 & 7->Swap 8 & 2->Swap 7 & 6->Swap 1 & 3->Swap 0 & 5->Swap 6 & 7->Swap 5 & 2->Swap 7 & 6->Swap 0 & 3->Swap 6 & 7->Swap 3 & 0->Swap 4 & 3->Swap 5 & 8->Swap 2 & 0->Swap 2 & 4->Swap 4 & 5->Swap 7 & 0->Swap 7 & 8->DONE,
123456780,132456708,6,23,0,Swap 0 & 8->Swap 4 & 1->Swap 1 & 4->Swap 3 & 2->Swap 2 & 3->Swap 8 & 0->DONE,6,23,0,Swap 0 & 8->Swap 4 & 1->Swap 1 & 4->Swap 3 & 2->Swap 2 & 3->Swap 8 & 0->DONE,
123456780,213786405,12,56,0,Swap 2 & 1->Swap 7 & 4->Swap 8 & 5->Swap 5 & 4->Swap 4 & 5->Swap 1 & 2->Swap 2 & 1->Swap 0 & 5->Swap 1 & 2->Swap 4 & 7->Swap 5 & 0->Swap 5 & 8->DONE,12,45,0,Swap 2 & 1->Swap 7 & 4->Swap 8 & 5->Swap 5 & 4->Swap 4 & 5->Swap 1 & 2->Swap 2 & 1->Swap 0 & 5->Swap 1 & 2->Swap 4 & 7->Swap 5 & 0->Swap 5 & 8->DONE,
123456780,645812730,26,1637,4,Swap 0 & 6->Swap 0 & 5->Swap 8 & 0->Swap 5 & 3->Swap 3 & 8->Swap 6 & 8->Swap 8 & 0->Swap 4 & 1->Swap 3 & 2->Swap 8 & 2->Swap 2 & 8->Swap 6 & 2->Swap 6 & 3->Swap 1 & 4->Swap 4 & 1->Swap 6 & 4->Swap 8 & 3->Swap 8 & 1->Swap 1 & 4->Swap 4 & 8->Swap 3 & 8->Swap 1 & 6->Swap 5 & 6->Swap 3 & 5->Swap 2 & 6->Swap 2 & 3->DONE,28,199,0,Swap 0 & 6->Swap 0 & 5->Swap 8 & 0->Swap 5 & 3->Swap 3 & 8->Swap 6 & 8->Swap 8 & 0->Swap 4 & 1->Swap 3 & 2->Swap 8 & 2->Swap 2 & 8->Swap 6 & 2->Swap 6 & 3->Swap 1 & 4->Swap 4 & 1->Swap 6 & 4->Swap 8 & 3->Swap 8 & 1->Swap 4 & 6->Swap 1 & 6->Swap 2 & 5->Swap 5 & 6->Swap 5 & 8->Swap 3 & 8->Swap 5 & 4->Swap 1 & 5->Swap 3 & 5->Swap 2 & 3->DONE,
123456780,180752436,14,762,2,Swap 3 & 2->Swap 0 & 6->Swap 5 & 3->Swap 0 & 2->Swap 7 & 4->Swap 8 & 3->Swap 8 & 5->Swap 4 & 7->Swap 2 & 0->Swap 6 & 0->Swap 5 & 8->Swap 3 & 8->Swap 3 & 5->Swap 2 & 3->DONE,14,88,0,Swap 3 & 2->Swap 0 & 6->Swap 5 & 3->Swap 0 & 2->Swap 7 & 4->Swap 8 & 3->Swap 8 & 5->Swap 2 & 0->Swap 4 & 7->Swap 6 & 0->Swap 5 & 8->Swap 3 & 8->Swap 3 & 5->Swap 2 & 3->DONE,
123456780,625431870,20,947,2,Swap 8 & 7->Swap 5 & 2->Swap 0 & 7->Swap 2 & 5->Swap 6 & 5->Swap 2 & 1->Swap 5 & 3->Swap 6 & 1->Swap 0 & 1->Swap 6 & 2->Swap 1 & 0->Swap 3 & 1->Swap 7 & 0->Swap 7 & 8->Swap 1 & 3->Swap 3 & 5->Swap 1 & 2->Swap 1 & 6->Swap 2 & 6->Swap 5 & 6->DONE,20,99,0,Swap 8 & 7->Swap 5 & 2->Swap 0 & 7->Swap 2 & 5->Swap 6 & 5->Swap 2 & 1->Swap 5 & 3->Swap 6 & 1->Swap 0 & 1->Swap 6 & 2->Swap 1 & 0->Swap 3 & 1->Swap 7 & 0->Swap 1 & 5->Swap 5 & 3->Swap 7 & 8->Swap 2 & 6->Swap 1 & 6->Swap 1 & 2->Swap 3 & 6->DONE,
123456780,583076142,22,4280,12,Swap 7 & 4->Swap 5 & 7->Swap 7 & 2->Swap 0 & 8->Swap 8 & 6->Swap 8 & 2->Swap 8 & 7->Swap 7 & 8->Swap 0 & 4->Swap 8 & 7->Swap 5 & 1->Swap 6 & 2->Swap 0 & 1->Swap 1 & 0->Swap 4 & 0->Swap 2 & 0->Swap 2 & 7->Swap 2 & 8->Swap 1 & 5->Swap 4 & 5->Swap 7 & 5->Swap 5 & 8->DONE,22,110,1,Swap 7 & 4->Swap 5 & 7->Swap 7 & 2->Swap 0 & 8->Swap 8 & 6->Swap 8 & 2->Swap 8 & 7->Swap 7 & 8->Swap 0 & 4->Swap 8 & 7->Swap 5 & 1->Swap 6 & 2->Swap 0 & 1->Swap 1 & 0->Swap 1 & 5->Swap 7 & 5->Swap 4 & 0->Swap 4 & 7->Swap 2 & 0->Swap 5 & 8->Swap 2 & 8->Swap 2 & 5->DONE,
123456780,120483576,8,56,0,Swap 8 & 5->Swap 5 & 7->Swap 0 & 6->Swap 0 & 3->Swap 3 & 0->Swap 6 & 0->Swap 7 & 5->Swap 5 & 8->DONE,8,45,0,Swap 8 & 5->Swap 5 & 7->Swap 0 & 6->Swap 0 & 3->Swap 3 & 0->Swap 6 & 0->Swap 7 & 5->Swap 5 & 8->DONE,
123456780,410786325,24,4085,11,Swap 3 & 2->Swap 6 & 5->Swap 0 & 5->Swap 0 & 2->Swap 2 & 6->Swap 3 & 1->Swap 0 & 1->Swap 5 & 6->Swap 4 & 3->Swap 2 & 0->Swap 0 & 2->Swap 7 & 3->Swap 8 & 2->Swap 1 & 0->Swap 6 & 5->Swap 3 & 7->Swap 6 & 0->Swap 2 & 8->Swap 5 & 0->Swap 5 & 6->Swap 3 & 4->Swap 1 & 3->Swap 5 & 3->Swap 2 & 5->DONE,24,165,0,Swap 3 & 2->Swap 6 & 5->Swap 0 & 5->Swap 0 & 2->Swap 2 & 6->Swap 3 & 1->Swap 0 & 1->Swap 5 & 6->Swap 4 & 3->Swap 2 & 0->Swap 0 & 2->Swap 7 & 3->Swap 8 & 2->Swap 1 & 0->Swap 6 & 5->Swap 3 & 7->Swap 3 & 4->Swap 1 & 3->Swap 2 & 8->Swap 0 & 3->Swap 2 & 0->Swap 8 & 0->Swap 5 & 0->Swap 5 & 8->DONE,
123456780,435207816,34,1314,5,Swap 3 & 2->Swap 7 & 4->Swap 7 & 1->Swap 0 & 8->Swap 8 & 0->Swap 6 & 5->Swap 2 & 3->Swap 0 & 8->Swap 4 & 1->Swap 6 & 4->Swap 4 & 2->Swap 4 & 7->Swap 3 & 7->Swap 2 & 6->Swap 0 & 1->Swap 2 & 4->Swap 5 & 7->Swap 7 & 5->Swap 8 & 5->Swap 8 & 6->Swap 0 & 4->Swap 5 & 6->Swap 8 & 0->Swap 5 & 7->Swap 4 & 8->Swap 4 & 2->Swap 5 & 3->Swap 7 & 0->Swap 6 & 0->Swap 2 & 4->Swap 1 & 7->Swap 7 & 8->Swap 1 & 5->Swap 1 & 2->DONE,34,89,0,Swap 3 & 2->Swap 7 & 4->Swap 7 & 1->Swap 0 & 8->Swap 8 & 0->Swap 6 & 5->Swap 2 & 3->Swap 0 & 8->Swap 4 & 1->Swap 6 & 4->Swap 4 & 2->Swap 4 & 7->Swap 3 & 7->Swap 2 & 6->Swap 0 & 1->Swap 2 & 4->Swap 5 & 7->Swap 7 & 5->Swap 8 & 5->Swap 8 & 6->Swap 0 & 4->Swap 5 & 6->Swap 8 & 0->Swap 5 & 7->Swap 4 & 8->Swap 4 & 2->Swap 2 & 4->Swap 5 & 3->Swap 1 & 0->Swap 1 & 5->Swap 1 & 2->Swap 6 & 7->Swap 7 & 0->Swap 7 & 8->DONE,
123456780,546123780,10,66,0,Swap 6 & 3->Swap 4 & 1->Swap 0 & 8->Swap 5 & 2->Swap 8 & 0->Swap 5 & 4->Swap 3 & 6->Swap 1 & 5->Swap 2 & 4->Swap 4 & 5->DONE,10,45,0,Swap 6 & 3->Swap 4 & 1->Swap 0 & 8->Swap 5 & 2->Swap 8 & 0->Swap 5 & 4->Swap 1 & 5->Swap 2 & 4->Swap 3 & 6->Swap 4 & 5->DONE,
123456780,205371648,24,7786,21,Swap 7 & 4->Swap 0 & 6->Swap 2 & 1->Swap 6 & 8->Swap 6 & 5->Swap 4 & 7->Swap 6 & 4->Swap 5 & 4->Swap 7 & 6->Swap 5 & 1->Swap 0 & 3->Swap 3 & 1->Swap 3 & 7->Swap 0 & 5->Swap 1 & 5->Swap 1 & 0->Swap 1 & 2->Swap 4 & 7->Swap 4 & 3->Swap 5 & 3->Swap 7 & 6->Swap 3 & 0->Swap 8 & 6->Swap 6 & 0->DONE,24,122,1,Swap 7 & 4->Swap 0 & 6->Swap 2 & 1->Swap 6 & 8->Swap 6 & 5->Swap 4 & 7->Swap 6 & 4->Swap 5 & 4->Swap 7 & 6->Swap 5 & 1->Swap 0 & 3->Swap 3 & 1->Swap 3 & 7->Swap 0 & 5->Swap 5 & 0->Swap 1 & 0->Swap 7 & 3->Swap 3 & 5->Swap 1 & 3->Swap 1 & 2->Swap 4 & 6->Swap 4 & 7->Swap 8 & 6->Swap 6 & 0->DONE,
123456780,127530864,28,3351,11,Swap 0 & 6->Swap 6 & 0->Swap 7 & 4->Swap 7 & 1->Swap 1 & 7->Swap 0 & 6->Swap 7 & 1->Swap 2 & 7->Swap 6 & 0->Swap 6 & 3->Swap 3 & 5->Swap 5 & 6->Swap 5 & 7->Swap 5 & 2->Swap 8 & 4->Swap 7 & 2->Swap 2 & 7->Swap 0 & 6->Swap 6 & 4->Swap 1 & 5->Swap 4 & 0->Swap 4 & 3->Swap 4 & 5->Swap 0 & 6->Swap 3 & 7->Swap 6 & 7->Swap 7 & 0->Swap 7 & 8->DONE,28,99,0,Swap 0 & 6->Swap 6 & 0->Swap 7 & 4->Swap 7 & 1->Swap 1 & 7->Swap 0 & 6->Swap 7 & 1->Swap 2 & 7->Swap 6 & 0->Swap 6 & 3->Swap 3 & 5->Swap 5 & 6->Swap 5 & 7->Swap 5 & 2->Swap 8 & 4->Swap 7 & 2->Swap 2 & 7->Swap 0 & 6->Swap 6 & 4->Swap 1 & 5->Swap 4 & 0->Swap 4 & 3->Swap 3 & 7->Swap 4 & 5->Swap 6 & 5->Swap 7 & 6->Swap 5 & 7->Swap 7 & 8->DONE,
123456780,213846570,10,66,0,Swap 8 & 5->Swap 5 & 7->Swap 3 & 2->Swap 2 & 3->Swap 8 & 4->Swap 2 & 1->Swap 1 & 2->Swap 4 & 8->Swap 7 & 5->Swap 5 & 8->DONE,10,45,0,Swap 8 & 5->Swap 5 & 7->Swap 3 & 2->Swap 2 & 3->Swap 8 & 4->Swap 2 & 1->Swap 1 & 2->Swap 5 & 8->Swap 4 & 5->Swap 7 & 8->DONE,
123456780,136782450,8,56,0,Swap 8 & 5->Swap 3 & 2->Swap 6 & 2->Swap 7 & 4->Swap 4 & 7->Swap 5 & 8->Swap 2 & 6->Swap 2 & 3->DONE,8,45,0,Swap 8 & 5->Swap 3 & 2->Swap 6 & 2->Swap 7 & 4->Swap 2 & 6->Swap 2 & 3->Swap 4 & 7->Swap 5 & 8->DONE,
123456780,263814750,16,108,1,Swap 0 & 6->Swap 8 & 7->Swap 2 & 1->Swap 7 & 8->Swap 8 & 5->Swap 3 & 1->Swap 8 & 4->Swap 6 & 0->Swap 6 & 4->Swap 1 & 3->Swap 6 & 1->Swap 1 & 6->Swap 1 & 2->Swap 4 & 6->Swap 4 & 8->Swap 5 & 8->DONE,16,56,0,Swap 0 & 6->Swap 8 & 7->Swap 2 & 1->Swap 7 & 8->Swap 8 & 5->Swap 3 & 1->Swap 8 & 4->Swap 6 & 0->Swap 6 & 4->Swap 1 & 3->Swap 6 & 1->Swap 1 & 6->Swap 1 & 2->Swap 4 & 6->Swap 4 & 8->Swap 5 & 8->DONE,
123456780,273501468,16,528,1,Swap 0 & 6->Swap 2 & 1->Swap 7 & 4->Swap 7 & 2->Swap 2 & 7->Swap 5 & 7->Swap 7 & 1->Swap 0 & 1->Swap 6 & 8->Swap 7 & 2->Swap 8 & 6->Swap 1 & 0->Swap 6 & 0->Swap 1 & 5->Swap 1 & 7->Swap 4 & 7->DONE,16,78,0,Swap 0 & 6->Swap 2 & 1->Swap 7 & 4->Swap 7 & 2->Swap 2 & 7->Swap 5 & 7->Swap 7 & 1->Swap 0 & 1->Swap 6 & 8->Swap 7 & 2->Swap 6 & 0->Swap 1 & 6->Swap 1 & 5->Swap 1 & 7->Swap 4 & 7->Swap 8 & 0->DONE,
123456780,643251780,16,542,2,Swap 2 & 1->Swap 5 & 4->Swap 6 & 3->Swap 6 & 1->Swap 8 & 7->Swap 4 & 5->Swap 3 & 1->Swap 7 & 8->Swap 4 & 2->Swap 6 & 4->Swap 4 & 6->Swap 2 & 4->Swap 3 & 6->Swap 1 & 6->Swap 1 & 3->Swap 1 & 2->DONE,16,89,0,Swap 2 & 1->Swap 5 & 4->Swap 6 & 3->Swap 6 & 1->Swap 8 & 7->Swap 4 & 5->Swap 3 & 1->Swap 7 & 8->Swap 4 & 2->Swap 6 & 4->Swap 2 & 6->Swap 4 & 2->Swap 1 & 5->Swap 1 & 6->Swap 1 & 4->Swap 5 & 6->DONE,
123456780,768453102,20,2252,7,Swap 6 & 3->Swap 0 & 8->Swap 8 & 0->Swap 4 & 1->Swap 6 & 2->Swap 3 & 2->Swap 7 & 1->Swap 0 & 8->Swap 8 & 2->Swap 8 & 3->Swap 7 & 4->Swap 2 & 0->Swap 4 & 7->Swap 1 & 7->Swap 1 & 4->Swap 8 & 6->Swap 3 & 6->Swap 2 & 5->Swap 2 & 8->Swap 5 & 8->DONE,20,110,1,Swap 6 & 3->Swap 0 & 8->Swap 8 & 0->Swap 4 & 1->Swap 6 & 2->Swap 3 & 2->Swap 7 & 1->Swap 0 & 8->Swap 8 & 2->Swap 8 & 3->Swap 7 & 4->Swap 8 & 6->Swap 3 & 6->Swap 2 & 0->Swap 4 & 7->Swap 1 & 7->Swap 1 & 4->Swap 5 & 8->Swap 2 & 8->Swap 2 & 5->DONE,
123456780,416723850,22,285,0,Swap 3 & 2->Swap 5 & 4->Swap 2 & 3->Swap 0 & 6->Swap 4 & 2->Swap 0 & 2->Swap 4 & 1->Swap 2 & 3->Swap 3 & 2->Swap 7 & 5->Swap 2 & 0->Swap 6 & 0->Swap 8 & 5->Swap 6 & 3->Swap 2 & 1->Swap 1 & 2->Swap 3 & 6->Swap 1 & 4->Swap 5 & 8->Swap 2 & 4->Swap 5 & 7->Swap 4 & 5->DONE,22,89,1,Swap 3 & 2->Swap 5 & 4->Swap 2 & 3->Swap 0 & 6->Swap 4 & 2->Swap 0 & 2->Swap 4 & 1->Swap 2 & 3->Swap 3 & 2->Swap 7 & 5->Swap 2 & 0->Swap 6 & 0->Swap 8 & 5->Swap 6 & 3->Swap 2 & 1->Swap 1 & 2->Swap 3 & 6->Swap 1 & 4->Swap 2 & 4->Swap 5 & 4->Swap 4 & 8->Swap 4 & 7->DONE,
123456780,120483756,16,34,0,Swap 8 & 5->Swap 7 & 4->Swap 0 & 6->Swap 0 & 3->Swap 4 & 7->Swap 5 & 8->Swap 2 & 1->Swap 8 & 7->Swap 5 & 4->Swap 8 & 5->Swap 4 & 8->Swap 7 & 5->Swap 1 & 2->Swap 5 & 8->Swap 3 & 0->Swap 6 & 0->DONE,16,34,0,Swap 8 & 5->Swap 7 & 4->Swap 0 & 6->Swap 0 & 3->Swap 4 & 7->Swap 5 & 8->Swap 2 & 1->Swap 8 & 7->Swap 5 & 4->Swap 8 & 5->Swap 4 & 8->Swap 7 & 5->Swap 1 & 2->Swap 3 & 0->Swap 5 & 8->Swap 6 & 0->DONE,
123456780,402136785,20,175,0,Swap 8 & 7->Swap 0 & 6->Swap 8 & 4->Swap 5 & 2->Swap 2 & 5->Swap 4 & 8->Swap 0 & 3->Swap 3 & 5->Swap 4 & 1->Swap 0 & 2->Swap 6 & 5->Swap 6 & 3->Swap 7 & 8->Swap 3 & 6->Swap 1 & 4->Swap 3 & 0->Swap 2 & 3->Swap 6 & 0->Swap 5 & 0->Swap 5 & 6->DONE,20,78,0,Swap 8 & 7->Swap 0 & 6->Swap 8 & 4->Swap 5 & 2->Swap 2 & 5->Swap 4 & 8->Swap 0 & 3->Swap 3 & 5->Swap 4 & 1->Swap 0 & 2->Swap 6 & 5->Swap 6 & 3->Swap 7 & 8->Swap 3 & 6->Swap 1 & 4->Swap 3 & 0->Swap 2 & 3->Swap 8 & 0->Swap 5 & 0->Swap 5 & 8->DONE,
123456780,65473182,20,15476,40,Swap 6 & 3->Swap 0 & 8->Swap 5 & 2->Swap 0 & 7->Swap 0 & 4->Swap 7 & 2->Swap 6 & 5->Swap 8 & 2->Swap 0 & 1->Swap 4 & 1->Swap 7 & 4->Swap 1 & 7->Swap 2 & 3->Swap 1 & 0->Swap 4 & 0->Swap 2 & 5->Swap 2 & 6->Swap 5 & 0->Swap 3 & 0->Swap 3 & 6->DONE,20,177,0,Swap 6 & 3->Swap 0 & 8->Swap 5 & 2->Swap 0 & 7->Swap 0 & 4->Swap 7 & 2->Swap 6 & 5->Swap 8 & 2->Swap 0 & 1->Swap 4 & 1->Swap 5 & 6->Swap 3 & 6->Swap 1 & 4->Swap 1 & 0->Swap 7 & 0->Swap 4 & 7->Swap 8 & 0->Swap 2 & 0->Swap 2 & 8->Swap 2 & 5->DONE,
123456780,128456703,26,181,1,Swap 8 & 5->Swap 6 & 8->Swap 2 & 1->Swap 0 & 8->Swap 0 & 6->Swap 5 & 7->Swap 5 & 4->Swap 6 & 3->Swap 7 & 4->Swap 3 & 0->Swap 0 & 3->Swap 8 & 3->Swap 8 & 0->Swap 8 & 5->Swap 4 & 7->Swap 1 & 2->Swap 5 & 8->Swap 0 & 8->Swap 8 & 6->Swap 7 & 4->Swap 4 & 0->Swap 4 & 5->Swap 3 & 6->Swap 3 & 8->Swap 6 & 8->Swap 8 & 0->DONE,26,67,0,Swap 8 & 5->Swap 6 & 8->Swap 2 & 1->Swap 0 & 8->Swap 0 & 6->Swap 5 & 7->Swap 5 & 4->Swap 6 & 3->Swap 7 & 4->Swap 3 & 0->Swap 0 & 3->Swap 8 & 3->Swap 8 & 0->Swap 8 & 5->Swap 4 & 7->Swap 1 & 2->Swap 5 & 8->Swap 0 & 8->Swap 8 & 6->Swap 7 & 4->Swap 4 & 0->Swap 4 & 5->Swap 6 & 8->Swap 3 & 8->Swap 3 & 6->Swap 8 & 0->DONE,
123456780,673501824,28,3418,7,Swap 2 & 1->Swap 8 & 7->Swap 6 & 5->Swap 0 & 7->Swap 0 & 8->Swap 6 & 4->Swap 5 & 3->Swap 3 & 4->Swap 7 & 4->Swap 5 & 1->Swap 7 & 1->Swap 6 & 2->Swap 3 & 5->Swap 4 & 1->Swap 1 & 4->Swap 7 & 3->Swap 8 & 0->Swap 5 & 2->Swap 0 & 2->Swap 2 & 0->Swap 7 & 6->Swap 4 & 0->Swap 2 & 6->Swap 1 & 6->Swap 1 & 5->Swap 1 & 7->Swap 4 & 8->Swap 4 & 7->DONE,28,100,0,Swap 2 & 1->Swap 8 & 7->Swap 6 & 5->Swap 0 & 7->Swap 0 & 8->Swap 6 & 4->Swap 5 & 3->Swap 3 & 4->Swap 7 & 4->Swap 5 & 1->Swap 7 & 1->Swap 6 & 2->Swap 3 & 5->Swap 4 & 1->Swap 1 & 4->Swap 7 & 3->Swap 8 & 0->Swap 5 & 2->Swap 0 & 2->Swap 7 & 6->Swap 2 & 0->Swap 2 & 6->Swap 1 & 6->Swap 1 & 5->Swap 1 & 7->Swap 4 & 0->Swap 4 & 8->Swap 4 & 7->DONE,
123456780,230814675,28,2894,6,Swap 8 & 5->Swap 4 & 1->Swap 6 & 3->Swap 8 & 2->Swap 8 & 4->Swap 2 & 1->Swap 3 & 6->Swap 2 & 8->Swap 1 & 8->Swap 5 & 7->Swap 3 & 4->Swap 7 & 5->Swap 8 & 1->Swap 0 & 6->Swap 0 & 4->Swap 6 & 4->Swap 4 & 6->Swap 6 & 5->Swap 6 & 7->Swap 1 & 3->Swap 1 & 2->Swap 4 & 3->Swap 3 & 0->Swap 7 & 6->Swap 5 & 0->Swap 4 & 8->Swap 6 & 8->Swap 5 & 6->DONE,30,340,1,Swap 8 & 5->Swap 4 & 1->Swap 6 & 3->Swap 8 & 2->Swap 8 & 4->Swap 2 & 1->Swap 3 & 6->Swap 2 & 8->Swap 1 & 8->Swap 5 & 7->Swap 3 & 4->Swap 7 & 5->Swap 8 & 1->Swap 0 & 6->Swap 0 & 4->Swap 6 & 4->Swap 4 & 6->Swap 6 & 5->Swap 6 & 7->Swap 6 & 8->Swap 1 & 6->Swap 4 & 6->Swap 7 & 8->Swap 1 & 2->Swap 4 & 2->Swap 6 & 0->Swap 5 & 0->Swap 6 & 3->Swap 2 & 6->Swap 5 & 6->DONE,
123456780,315462078,16,152,0,Swap 0 & 8->Swap 5 & 2->Swap 7 & 4->Swap 7 & 1->Swap 3 & 5->Swap 1 & 7->Swap 6 & 2->Swap 3 & 1->Swap 4 & 7->Swap 0 & 7->Swap 7 & 0->Swap 8 & 0->Swap 1 & 3->Swap 5 & 3->Swap 2 & 6->Swap 2 & 5->DONE,16,67,0,Swap 0 & 8->Swap 5 & 2->Swap 7 & 4->Swap 7 & 1->Swap 3 & 5->Swap 1 & 7->Swap 6 & 2->Swap 3 & 1->Swap 4 & 7->Swap 0 & 7->Swap 1 & 3->Swap 5 & 3->Swap 2 & 6->Swap 2 & 5->Swap 7 & 0->Swap 8 & 0->DONE,
123456780,423180576,10,56,0,Swap 8 & 5->Swap 4 & 1->Swap 5 & 7->Swap 0 & 6->Swap 1 & 4->Swap 4 & 1->Swap 1 & 4->Swap 6 & 0->Swap 7 & 5->Swap 5 & 8->DONE,10,45,1,Swap 8 & 5->Swap 4 & 1->Swap 5 & 7->Swap 0 & 6->Swap 1 & 4->Swap 4 & 1->Swap 1 & 4->Swap 6 & 0->Swap 7 & 5->Swap 5 & 8->DONE,
123456780,401873625,28,6730,14,Swap 0 & 6->Swap 6 & 0->Swap 0 & 6->Swap 5 & 2->Swap 2 & 5->Swap 2 & 1->Swap 5 & 4->Swap 4 & 5->Swap 4 & 2->Swap 7 & 2->Swap 8 & 5->Swap 7 & 4->Swap 4 & 7->Swap 6 & 5->Swap 0 & 3->Swap 6 & 2->Swap 8 & 7->Swap 0 & 1->Swap 1 & 0->Swap 1 & 4->Swap 3 & 0->Swap 5 & 0->Swap 7 & 8->Swap 6 & 7->Swap 2 & 8->Swap 2 & 4->Swap 4 & 6->Swap 5 & 6->DONE,28,155,0,Swap 0 & 6->Swap 6 & 0->Swap 0 & 6->Swap 5 & 2->Swap 2 & 5->Swap 2 & 1->Swap 5 & 4->Swap 4 & 5->Swap 4 & 2->Swap 7 & 2->Swap 8 & 5->Swap 7 & 4->Swap 4 & 7->Swap 6 & 5->Swap 0 & 3->Swap 6 & 2->Swap 8 & 7->Swap 0 & 1->Swap 1 & 0->Swap 3 & 0->Swap 6 & 8->Swap 7 & 6->Swap 5 & 0->Swap 5 & 6->Swap 2 & 8->Swap 2 & 7->Swap 2 & 4->Swap 1 & 2->DONE,
123456780,738246510,20,1814,4,Swap 8 & 5->Swap 3 & 2->Swap 4 & 1->Swap 2 & 3->Swap 7 & 1->Swap 3 & 2->Swap 5 & 1->Swap 7 & 4->Swap 8 & 3->Swap 2 & 8->Swap 3 & 2->Swap 2 & 4->Swap 4 & 2->Swap 8 & 3->Swap 2 & 8->Swap 1 & 8->Swap 1 & 4->Swap 1 & 7->Swap 5 & 7->Swap 4 & 5->DONE,20,110,0,Swap 8 & 5->Swap 3 & 2->Swap 4 & 1->Swap 2 & 3->Swap 7 & 1->Swap 3 & 2->Swap 5 & 1->Swap 7 & 4->Swap 8 & 3->Swap 2 & 8->Swap 3 & 2->Swap 2 & 4->Swap 2 & 7->Swap 8 & 3->Swap 5 & 7->Swap 4 & 5->Swap 1 & 5->Swap 1 & 8->Swap 1 & 2->Swap 5 & 8->DONE,
123456780,125436870,14,100,0,Swap 0 & 8->Swap 6 & 5->Swap 5 & 3->Swap 3 & 6->Swap 8 & 6->Swap 6 & 8->Swap 8 & 0->Swap 2 & 1->Swap 1 & 2->Swap 8 & 7->Swap 7 & 8->Swap 5 & 2->Swap 3 & 5->Swap 2 & 3->DONE,14,45,0,Swap 0 & 8->Swap 6 & 5->Swap 5 & 3->Swap 3 & 6->Swap 8 & 6->Swap 6 & 8->Swap 8 & 0->Swap 2 & 1->Swap 1 & 2->Swap 8 & 7->Swap 7 & 8->Swap 3 & 2->Swap 5 & 3->Swap 2 & 5->DONE,
123456780,123456780,0,0,0,DONE,0,0,0,DONE,
123456780,512036478,14,111,0,Swap 3 & 2->Swap 5 & 3->Swap 2 & 5->Swap 0 & 8->Swap 5 & 2->Swap 0 & 7->Swap 5 & 1->Swap 0 & 4->Swap 4 & 0->Swap 7 & 0->Swap 8 & 0->Swap 1 & 5->Swap 3 & 5->Swap 2 & 3->DONE,14,67,1,Swap 3 & 2->Swap 5 & 3->Swap 2 & 5->Swap 0 & 8->Swap 5 & 2->Swap 0 & 7->Swap 5 & 1->Swap 0 & 4->Swap 1 & 5->Swap 3 & 5->Swap 2 & 3->Swap 4 & 0->Swap 7 & 0->Swap 8 & 0->DONE,
123456780,130752486,14,106,0,Swap 0 & 6->Swap 3 & 2->Swap 0 & 2->Swap 8 & 7->Swap 8 & 4->Swap 6 & 7->Swap 5 & 8->Swap 7 & 6->Swap 7 & 8->Swap 7 & 5->Swap 4 & 7->Swap 2 & 0->Swap 2 & 3->Swap 6 & 0->DONE,14,45,0,Swap 0 & 6->Swap 3 & 2->Swap 0 & 2->Swap 8 & 7->Swap 8 & 4->Swap 6 & 7->Swap 5 & 8->Swap 7 & 6->Swap 7 & 8->Swap 7 & 5->Swap 2 & 0->Swap 2 & 3->Swap 4 & 7->Swap 6 & 0->DONE,
123456780,362017485,20,1954,4,Swap 6 & 5->Swap 3 & 2->Swap 7 & 4->Swap 0 & 8->Swap 3 & 1->Swap 4 & 7->Swap 0 & 7->Swap 6 & 1->Swap 0 & 4->Swap 8 & 7->Swap 7 & 5->Swap 1 & 6->Swap 1 & 3->Swap 2 & 3->Swap 7 & 6->Swap 7 & 0->Swap 4 & 7->Swap 5 & 6->Swap 5 & 0->Swap 6 & 0->DONE,20,111,0,Swap 6 & 5->Swap 3 & 2->Swap 7 & 4->Swap 0 & 8->Swap 3 & 1->Swap 4 & 7->Swap 0 & 7->Swap 6 & 1->Swap 0 & 4->Swap 8 & 7->Swap 7 & 5->Swap 1 & 6->Swap 1 & 3->Swap 2 & 3->Swap 4 & 0->Swap 5 & 7->Swap 5 & 6->Swap 8 & 0->Swap 7 & 0->Swap 7 & 8->DONE,
123456780,213756480,8,23,0,Swap 7 & 4->Swap 4 & 7->Swap 2 & 1->Swap 5 & 4->Swap 4 & 5->Swap 7 & 4->Swap 1 & 2->Swap 4 & 7->DONE,8,23,0,Swap 7 & 4->Swap 4 & 7->Swap 2 & 1->Swap 5 & 4->Swap 4 & 5->Swap 7 & 4->Swap 1 & 2->Swap 4 & 7->DONE,
123456780,843706251,26,4446,22,Swap 8 & 5->Swap 2 & 1->Swap 0 & 6->Swap 6 & 0->Swap 5 & 7->Swap 3 & 1->Swap 4 & 2->Swap 1 & 3->Swap 8 & 1->Swap 8 & 4->Swap 7 & 5->Swap 7 & 2->Swap 0 & 5->Swap 0 & 1->Swap 0 & 4->Swap 4 & 0->Swap 5 & 1->Swap 5 & 0->Swap 2 & 7->Swap 5 & 4->Swap 2 & 8->Swap 4 & 8->Swap 1 & 0->Swap 1 & 8->Swap 1 & 5->Swap 1 & 2->DONE,26,111,1,Swap 8 & 5->Swap 2 & 1->Swap 0 & 6->Swap 6 & 0->Swap 5 & 7->Swap 3 & 1->Swap 4 & 2->Swap 1 & 3->Swap 8 & 1->Swap 8 & 4->Swap 7 & 5->Swap 7 & 2->Swap 0 & 5->Swap 0 & 1->Swap 0 & 4->Swap 4 & 0->Swap 5 & 1->Swap 4 & 8->Swap 2 & 7->Swap 2 & 4->Swap 5 & 0->Swap 1 & 0->Swap 5 & 8->Swap 1 & 8->Swap 1 & 5->Swap 1 & 2->DONE,
123456780,263415870,16,96,0,Swap 8 & 7->Swap 0 & 7->Swap 0 & 5->Swap 7 & 6->Swap 6 & 5->Swap 6 & 0->Swap 0 & 8->Swap 8 & 0->Swap 5 & 7->Swap 2 & 1->Swap 6 & 1->Swap 7 & 0->Swap 7 & 8->Swap 1 & 6->Swap 1 & 2->Swap 5 & 6->DONE,16,45,1,Swap 8 & 7->Swap 0 & 7->Swap 0 & 5->Swap 7 & 6->Swap 6 & 5->Swap 6 & 0->Swap 0 & 8->Swap 8 & 0->Swap 5 & 7->Swap 2 & 1->Swap 6 & 1->Swap 7 & 0->Swap 1 & 6->Swap 1 & 2->Swap 5 & 6->Swap 7 & 8->DONE,
123456780,412356708,14,77,0,Swap 7 & 4->Swap 3 & 2->Swap 6 & 5->Swap 0 & 8->Swap 3 & 1->Swap 6 & 1->Swap 4 & 7->Swap 1 & 6->Swap 4 & 3->Swap 5 & 6->Swap 8 & 0->Swap 3 & 4->Swap 1 & 3->Swap 2 & 3->DONE,14,45,0,Swap 7 & 4->Swap 3 & 2->Swap 6 & 5->Swap 0 & 8->Swap 3 & 1->Swap 6 & 1->Swap 4 & 7->Swap 1 & 6->Swap 4 & 3->Swap 5 & 6->Swap 3 & 4->Swap 1 & 3->Swap 2 & 3->Swap 8 & 0->DONE,
123456780,234861570,20,728,5,Swap 6 & 3->Swap 0 & 3->Swap 2 & 1->Swap 3 & 0->Swap 5 & 4->Swap 4 & 1->Swap 8 & 7->Swap 3 & 1->Swap 8 & 5->Swap 6 & 4->Swap 0 & 7->Swap 7 & 0->Swap 3 & 6->Swap 4 & 3->Swap 5 & 8->Swap 7 & 8->Swap 1 & 6->Swap 4 & 2->Swap 1 & 5->Swap 1 & 4->DONE,20,78,1,Swap 6 & 3->Swap 0 & 3->Swap 2 & 1->Swap 3 & 0->Swap 5 & 4->Swap 4 & 1->Swap 8 & 7->Swap 3 & 1->Swap 8 & 5->Swap 6 & 4->Swap 0 & 7->Swap 7 & 0->Swap 3 & 6->Swap 4 & 3->Swap 4 & 2->Swap 5 & 8->Swap 1 & 6->Swap 1 & 5->Swap 1 & 4->Swap 7 & 8->DONE,
123456780,265483701,20,542,3,Swap 2 & 1->Swap 5 & 1->Swap 4 & 2->Swap 8 & 1->Swap 8 & 5->Swap 0 & 1->Swap 6 & 3->Swap 2 & 4->Swap 3 & 6->Swap 6 & 5->Swap 5 & 3->Swap 1 & 0->Swap 6 & 8->Swap 0 & 1->Swap 1 & 0->Swap 1 & 8->Swap 1 & 6->Swap 1 & 2->Swap 3 & 5->Swap 5 & 6->DONE,20,67,1,Swap 2 & 1->Swap 5 & 1->Swap 4 & 2->Swap 8 & 1->Swap 8 & 5->Swap 0 & 1->Swap 6 & 3->Swap 2 & 4->Swap 3 & 6->Swap 6 & 5->Swap 5 & 3->Swap 1 & 0->Swap 6 & 8->Swap 0 & 1->Swap 5 & 6->Swap 3 & 6->Swap 1 & 0->Swap 1 & 8->Swap 1 & 5->Swap 1 & 2->DONE,
123456780,473158206,22,2105,13,Swap 5 & 4->Swap 0 & 8->Swap 2 & 1->Swap 4 & 1->Swap 4 & 2->Swap 8 & 6->Swap 1 & 5->Swap 2 & 4->Swap 1 & 2->Swap 7 & 2->Swap 7 & 1->Swap 8 & 5->Swap 5 & 8->Swap 4 & 7->Swap 6 & 8->Swap 8 & 0->Swap 7 & 4->Swap 1 & 7->Swap 2 & 7->Swap 5 & 2->Swap 2 & 4->Swap 4 & 5->DONE,22,132,0,Swap 5 & 4->Swap 0 & 8->Swap 2 & 1->Swap 4 & 1->Swap 4 & 2->Swap 8 & 6->Swap 1 & 5->Swap 2 & 4->Swap 1 & 2->Swap 7 & 2->Swap 7 & 1->Swap 8 & 5->Swap 5 & 8->Swap 4 & 7->Swap 1 & 4->Swap 6 & 8->Swap 8 & 0->Swap 5 & 7->Swap 2 & 4->Swap 7 & 2->Swap 2 & 5->Swap 4 & 7->DONE,
123456780,153426780,2,12,0,Swap 5 & 2->Swap 2 & 5->DONE,2,12,0,Swap 5 & 2->Swap 2 & 5->DONE,
123456780,728605431,30,15233,120,Swap 7 & 4->Swap 6 & 3->Swap 3 & 5->Swap 8 & 3->Swap 0 & 5->Swap 5 & 3->Swap 7 & 1->Swap 8 & 2->Swap 1 & 7->Swap 7 & 1->Swap 2 & 1->Swap 6 & 8->Swap 5 & 1->Swap 3 & 1->Swap 5 & 6->Swap 6 & 2->Swap 4 & 6->Swap 2 & 5->Swap 0 & 5->Swap 6 & 4->Swap 3 & 0->Swap 5 & 3->Swap 3 & 8->Swap 5 & 6->Swap 8 & 6->Swap 1 & 0->Swap 1 & 8->Swap 1 & 5->Swap 1 & 7->Swap 4 & 7->DONE,30,144,0,Swap 7 & 4->Swap 6 & 3->Swap 3 & 5->Swap 8 & 3->Swap 0 & 5->Swap 5 & 3->Swap 7 & 1->Swap 8 & 2->Swap 1 & 7->Swap 7 & 1->Swap 2 & 1->Swap 6 & 8->Swap 5 & 1->Swap 3 & 1->Swap 5 & 6->Swap 6 & 2->Swap 4 & 6->Swap 2 & 5->Swap 0 & 5->Swap 6 & 4->Swap 3 & 0->Swap 5 & 3->Swap 3 & 8->Swap 1 & 8->Swap 8 & 0->Swap 1 & 5->Swap 1 & 6->Swap 1 & 7->Swap 4 & 7->Swap 5 & 6->DONE,
123456780,412780563,26,929,6,Swap 5 & 2->Swap 0 & 8->Swap 0 & 2->Swap 2 & 0->Swap 7 & 4->Swap 6 & 2->Swap 4 & 7->Swap 5 & 1->Swap 2 & 3->Swap 3 & 6->Swap 0 & 3->Swap 8 & 6->Swap 3 & 0->Swap 6 & 0->Swap 4 & 5->Swap 7 & 5->Swap 8 & 3->Swap 0 & 3->Swap 5 & 7->Swap 6 & 8->Swap 5 & 4->Swap 1 & 5->Swap 6 & 5->Swap 2 & 6->Swap 3 & 0->Swap 3 & 6->DONE,26,110,1,Swap 5 & 2->Swap 0 & 8->Swap 0 & 2->Swap 2 & 0->Swap 7 & 4->Swap 6 & 2->Swap 4 & 7->Swap 5 & 1->Swap 2 & 3->Swap 3 & 6->Swap 0 & 3->Swap 8 & 6->Swap 3 & 0->Swap 6 & 0->Swap 4 & 5->Swap 7 & 5->Swap 8 & 3->Swap 0 & 3->Swap 5 & 7->Swap 6 & 8->Swap 3 & 0->Swap 5 & 4->Swap 1 & 5->Swap 6 & 5->Swap 2 & 6->Swap 3 & 6->DONE,
123456780,531762408,24,98,1,Swap 8 & 5->Swap 6 & 8->Swap 4 & 1->Swap 3 & 2->Swap 5 & 6->Swap 8 & 2->Swap 2 & 5->Swap 1 & 4->Swap 3 & 1->Swap 5 & 8->Swap 7 & 4->Swap 5 & 1->Swap 5 & 3->Swap 8 & 2->Swap 8 & 3->Swap 3 & 8->Swap 6 & 8->Swap 0 & 8->Swap 4 & 7->Swap 8 & 0->Swap 1 & 3->Swap 1 & 5->Swap 2 & 6->Swap 2 & 5->DONE,24,67,0,Swap 8 & 5->Swap 6 & 8->Swap 4 & 1->Swap 3 & 2->Swap 5 & 6->Swap 8 & 2->Swap 2 & 5->Swap 1 & 4->Swap 3 & 1->Swap 5 & 8->Swap 7 & 4->Swap 5 & 1->Swap 5 & 3->Swap 8 & 2->Swap 8 & 3->Swap 3 & 8->Swap 6 & 8->Swap 0 & 8->Swap 1 & 3->Swap 1 & 5->Swap 4 & 7->Swap 2 & 6->Swap 2 & 5->Swap 8 & 0->DONE,
123456780,537261408,18,1135,7,Swap 7 & 4->Swap 5 & 2->Swap 5 & 1->Swap 3 & 1->Swap 2 & 7->Swap 0 & 8->Swap 6 & 7->Swap 0 & 4->Swap 4 & 0->Swap 7 & 1->Swap 8 & 0->Swap 7 & 3->Swap 1 & 6->Swap 1 & 2->Swap 2 & 7->Swap 1 & 5->Swap 7 & 5->Swap 4 & 7->DONE,18,89,0,Swap 7 & 4->Swap 5 & 2->Swap 5 & 1->Swap 3 & 1->Swap 2 & 7->Swap 0 & 8->Swap 6 & 7->Swap 0 & 4->Swap 4 & 0->Swap 7 & 1->Swap 2 & 5->Swap 7 & 3->Swap 7 & 2->Swap 1 & 6->Swap 1 & 5->Swap 1 & 7->Swap 4 & 7->Swap 8 & 0->DONE,
123456780,123786450,4,23,0,Swap 8 & 5->Swap 7 & 4->Swap 4 & 7->Swap 5 & 8->DONE,4,23,1,Swap 8 & 5->Swap 7 & 4->Swap 4 & 7->Swap 5 & 8->DONE,
123456780,152483706,12,172,1,Swap 0 & 6->Swap 5 & 2->Swap 0 & 2->Swap 8 & 0->Swap 2 & 8->Swap 8 & 2->Swap 2 & 3->Swap 6 & 0->Swap 6 & 8->Swap 2 & 5->Swap 3 & 5->Swap 5 & 6->DONE,12,100,0,Swap 0 & 6->Swap 5 & 2->Swap 0 & 2->Swap 8 & 0->Swap 2 & 8->Swap 8 & 2->Swap 2 & 3->Swap 2 & 5->Swap 3 & 5->Swap 0 & 8->Swap 5 & 0->Swap 6 & 0->DONE,
123456780,136870245,20,1813,12,Swap 3 & 2->Swap 6 & 2->Swap 8 & 7->Swap 2 & 5->Swap 2 & 4->Swap 0 & 5->Swap 4 & 2->Swap 7 & 2->Swap 8 & 4->Swap 3 & 1->Swap 1 & 3->Swap 2 & 4->Swap 5 & 0->Swap 5 & 6->Swap 5 & 3->Swap 4 & 7->Swap 7 & 2->Swap 4 & 8->Swap 2 & 8->Swap 2 & 5->DONE,20,89,1,Swap 3 & 2->Swap 6 & 2->Swap 8 & 7->Swap 2 & 5->Swap 2 & 4->Swap 0 & 5->Swap 4 & 2->Swap 7 & 2->Swap 8 & 4->Swap 3 & 1->Swap 1 & 3->Swap 2 & 4->Swap 2 & 8->Swap 7 & 2->Swap 5 & 0->Swap 4 & 8->Swap 4 & 7->Swap 2 & 3->Swap 5 & 3->Swap 3 & 6->DONE,
123456780,123460758,14,66,0,Swap 8 & 7->Swap 5 & 4->Swap 4 & 5->Swap 0 & 6->Swap 7 & 5->Swap 5 & 7->Swap 0 & 5->Swap 6 & 5->Swap 7 & 8->Swap 6 & 0->Swap 5 & 8->Swap 8 & 5->Swap 5 & 0->Swap 5 & 6->DONE,14,34,0,Swap 8 & 7->Swap 5 & 4->Swap 4 & 5->Swap 0 & 6->Swap 7 & 5->Swap 5 & 7->Swap 0 & 5->Swap 6 & 5->Swap 7 & 8->Swap 6 & 0->Swap 5 & 8->Swap 5 & 6->Swap 8 & 6->Swap 6 & 0->DONE,
123456780,423016758,8,145,1,Swap 0 & 8->Swap 4 & 1->Swap 0 & 5->Swap 0 & 1->Swap 1 & 0->Swap 1 & 4->Swap 5 & 0->Swap 8 & 0->DONE,8,45,1,Swap 0 & 8->Swap 4 & 1->Swap 0 & 5->Swap 0 & 1->Swap 1 & 0->Swap 1 & 4->Swap 5 & 0->Swap 8 & 0->DONE,
123456780,134058276,20,1566,10,Swap 6 & 5->Swap 8 & 7->Swap 6 & 4->Swap 4 & 2->Swap 8 & 6->Swap 0 & 7->Swap 0 & 6->Swap 2 & 8->Swap 5 & 8->Swap 3 & 4->Swap 7 & 6->Swap 0 & 2->Swap 6 & 8->Swap 2 & 0->Swap 7 & 0->Swap 8 & 0->Swap 4 & 3->Swap 2 & 1->Swap 4 & 2->Swap 1 & 4->DONE,20,89,0,Swap 6 & 5->Swap 8 & 7->Swap 6 & 4->Swap 4 & 2->Swap 8 & 6->Swap 0 & 7->Swap 0 & 6->Swap 2 & 8->Swap 5 & 8->Swap 3 & 4->Swap 7 & 6->Swap 0 & 2->Swap 4 & 3->Swap 2 & 0->Swap 6 & 8->Swap 7 & 0->Swap 8 & 0->Swap 2 & 1->Swap 4 & 2->Swap 1 & 4->DONE,
123456780,536784120,20,386,3,Swap 3 & 2->Swap 5 & 4->Swap 2 & 3->Swap 4 & 2->Swap 3 & 4->Swap 6 & 4->Swap 8 & 2->Swap 0 & 4->Swap 4 & 0->Swap 8 & 3->Swap 3 & 8->Swap 5 & 1->Swap 7 & 1->Swap 1 & 7->Swap 2 & 8->Swap 6 & 3->Swap 1 & 5->Swap 2 & 6->Swap 4 & 6->Swap 4 & 5->DONE,20,88,1,Swap 3 & 2->Swap 5 & 4->Swap 2 & 3->Swap 4 & 2->Swap 3 & 4->Swap 6 & 4->Swap 8 & 2->Swap 0 & 4->Swap 4 & 0->Swap 8 & 3->Swap 3 & 8->Swap 5 & 1->Swap 7 & 1->Swap 1 & 7->Swap 1 & 5->Swap 2 & 8->Swap 2 & 3->Swap 4 & 3->Swap 3 & 6->Swap 4 & 5->DONE,
123456780,152703648,20,595,4,Swap 5 & 4->Swap 6 & 4->Swap 5 & 1->Swap 6 & 2->Swap 6 & 5->Swap 0 & 4->Swap 4 & 0->Swap 4 & 2->Swap 2 & 3->Swap 0 & 8->Swap 1 & 6->Swap 7 & 6->Swap 0 & 4->Swap 6 & 7->Swap 2 & 5->Swap 4 & 0->Swap 8 & 0->Swap 3 & 5->Swap 4 & 6->Swap 5 & 6->DONE,20,88,0,Swap 5 & 4->Swap 6 & 4->Swap 5 & 1->Swap 6 & 2->Swap 6 & 5->Swap 0 & 4->Swap 4 & 0->Swap 4 & 2->Swap 2 & 3->Swap 0 & 8->Swap 1 & 6->Swap 7 & 6->Swap 0 & 4->Swap 6 & 7->Swap 4 & 0->Swap 4 & 6->Swap 8 & 0->Swap 3 & 6->Swap 3 & 5->Swap 2 & 3->DONE,
123456780,452106738,20,233,2,Swap 7 & 4->Swap 3 & 2->Swap 7 & 1->Swap 1 & 7->Swap 6 & 2->Swap 4 & 7->Swap 2 & 5->Swap 5 & 2->Swap 5 & 3->Swap 2 & 6->Swap 3 & 5->Swap 5 & 3->Swap 0 & 8->Swap 0 & 3->Swap 4 & 1->Swap 1 & 4->Swap 3 & 0->Swap 8 & 0->Swap 3 & 5->Swap 2 & 3->DONE,20,56,0,Swap 7 & 4->Swap 3 & 2->Swap 7 & 1->Swap 1 & 7->Swap 6 & 2->Swap 4 & 7->Swap 2 & 5->Swap 5 & 2->Swap 5 & 3->Swap 2 & 6->Swap 3 & 5->Swap 5 & 3->Swap 0 & 8->Swap 0 & 3->Swap 4 & 1->Swap 1 & 4->Swap 3 & 0->Swap 3 & 5->Swap 2 & 3->Swap 8 & 0->DONE,
123456780,123456780,0,0,0,DONE,0,0,0,DONE,
123456780,451603728,22,1956,14,Swap 5 & 4->Swap 2 & 1->Swap 6 & 3->Swap 6 & 1->Swap 4 & 5->Swap 5 & 6->Swap 3 & 1->Swap 6 & 5->Swap 5 & 6->Swap 4 & 2->Swap 1 & 3->Swap 6 & 2->Swap 0 & 8->Swap 0 & 2->Swap 3 & 1->Swap 2 & 0->Swap 8 & 0->Swap 2 & 6->Swap 2 & 4->Swap 1 & 6->Swap 1 & 5->Swap 1 & 2->DONE,22,141,1,Swap 5 & 4->Swap 2 & 1->Swap 6 & 3->Swap 6 & 1->Swap 4 & 5->Swap 5 & 6->Swap 3 & 1->Swap 6 & 5->Swap 5 & 6->Swap 4 & 2->Swap 1 & 3->Swap 6 & 2->Swap 0 & 8->Swap 0 & 2->Swap 2 & 0->Swap 2 & 5->Swap 8 & 0->Swap 1 & 2->Swap 6 & 4->Swap 1 & 6->Swap 2 & 6->Swap 3 & 6->DONE,
123456780,123450786,4,12,0,Swap 4 & 1->Swap 0 & 6->Swap 1 & 4->Swap 6 & 0->DONE,4,12,0,Swap 4 & 1->Swap 0 & 6->Swap 1 & 4->Swap 6 & 0->DONE,
123456780,142853067,24,4297,11,Swap 8 & 5->Swap 7 & 4->Swap 8 & 2->Swap 4 & 7->Swap 6 & 2->Swap 2 & 3->Swap 8 & 1->Swap 5 & 6->Swap 1 & 8->Swap 8 & 1->Swap 0 & 6->Swap 4 & 8->Swap 0 & 7->Swap 1 & 4->Swap 6 & 7->Swap 2 & 4->Swap 3 & 4->Swap 7 & 6->Swap 7 & 0->Swap 4 & 5->Swap 4 & 8->Swap 0 & 8->Swap 5 & 0->Swap 6 & 0->DONE,24,177,1,Swap 8 & 5->Swap 7 & 4->Swap 8 & 2->Swap 4 & 7->Swap 6 & 2->Swap 2 & 3->Swap 8 & 1->Swap 5 & 6->Swap 1 & 8->Swap 8 & 1->Swap 0 & 6->Swap 4 & 8->Swap 0 & 7->Swap 1 & 4->Swap 6 & 7->Swap 7 & 6->Swap 7 & 0->Swap 5 & 4->Swap 4 & 8->Swap 6 & 0->Swap 6 & 8->Swap 6 & 5->Swap 2 & 6->Swap 3 & 6->DONE,
123456780,621435807,20,569,1,Swap 6 & 3->Swap 3 & 5->Swap 6 & 2->Swap 7 & 4->Swap 3 & 7->Swap 6 & 1->Swap 0 & 5->Swap 8 & 4->Swap 5 & 0->Swap 2 & 1->Swap 4 & 7->Swap 0 & 7->Swap 4 & 3->Swap 7 & 0->Swap 7 & 8->Swap 3 & 2->Swap 1 & 3->Swap 1 & 6->Swap 2 & 6->Swap 5 & 6->DONE,20,89,0,Swap 6 & 3->Swap 3 & 5->Swap 6 & 2->Swap 7 & 4->Swap 3 & 7->Swap 6 & 1->Swap 0 & 5->Swap 8 & 4->Swap 5 & 0->Swap 2 & 1->Swap 4 & 7->Swap 0 & 7->Swap 4 & 3->Swap 5 & 3->Swap 7 & 0->Swap 7 & 8->Swap 2 & 6->Swap 1 & 6->Swap 1 & 2->Swap 3 & 6->DONE,
123456780,143526780,8,23,0,Swap 5 & 4->Swap 8 & 7->Swap 7 & 4->Swap 4 & 7->Swap 4 & 2->Swap 7 & 8->Swap 2 & 4->Swap 4 & 5->DONE,8,23,0,Swap 5 & 4->Swap 8 & 7->Swap 7 & 4->Swap 4 & 7->Swap 4 & 2->Swap 7 & 8->Swap 2 & 4->Swap 4 & 5->DONE,
123456780,268107534,28,16990,40,Swap 8 & 7->Swap 7 & 5->Swap 2 & 1->Swap 6 & 3->Swap 3 & 7->Swap 5 & 8->Swap 0 & 8->Swap 0 & 3->Swap 8 & 7->Swap 0 & 1->Swap 1 & 4->Swap 6 & 0->Swap 0 & 6->Swap 8 & 4->Swap 8 & 0->Swap 6 & 8->Swap 7 & 4->Swap 6 & 2->Swap 4 & 7->Swap 7 & 3->Swap 1 & 6->Swap 4 & 0->Swap 7 & 5->Swap 4 & 6->Swap 3 & 0->Swap 3 & 8->Swap 8 & 6->Swap 5 & 8->DONE,28,155,0,Swap 8 & 7->Swap 7 & 5->Swap 2 & 1->Swap 6 & 3->Swap 3 & 7->Swap 5 & 8->Swap 0 & 8->Swap 0 & 3->Swap 8 & 7->Swap 0 & 1->Swap 1 & 4->Swap 6 & 0->Swap 0 & 6->Swap 8 & 4->Swap 8 & 0->Swap 6 & 8->Swap 7 & 4->Swap 8 & 6->Swap 3 & 0->Swap 3 & 8->Swap 4 & 7->Swap 7 & 0->Swap 7 & 5->Swap 5 & 8->Swap 4 & 6->Swap 4 & 3->Swap 4 & 2->Swap 1 & 4->DONE,
123456780,730215486,24,1148,2,Swap 0 & 6->Swap 2 & 1->Swap 7 & 4->Swap 6 & 8->Swap 0 & 5->Swap 0 & 1->Swap 8 & 6->Swap 5 & 3->Swap 3 & 5->Swap 5 & 1->Swap 3 & 0->Swap 1 & 5->Swap 4 & 7->Swap 7 & 4->Swap 7 & 2->Swap 5 & 0->Swap 0 & 5->Swap 1 & 3->Swap 5 & 3->Swap 3 & 0->Swap 6 & 0->Swap 2 & 7->Swap 1 & 2->Swap 4 & 7->DONE,24,100,0,Swap 0 & 6->Swap 2 & 1->Swap 7 & 4->Swap 6 & 8->Swap 0 & 5->Swap 0 & 1->Swap 8 & 6->Swap 5 & 3->Swap 3 & 5->Swap 5 & 1->Swap 3 & 0->Swap 1 & 5->Swap 4 & 7->Swap 7 & 4->Swap 7 & 2->Swap 5 & 0->Swap 0 & 5->Swap 1 & 2->Swap 1 & 7->Swap 4 & 7->Swap 2 & 3->Swap 5 & 3->Swap 3 & 0->Swap 6 & 0->DONE,
123456780,432716058,16,317,1,Swap 4 & 1->Swap 0 & 8->Swap 5 & 1->Swap 8 & 6->Swap 7 & 5->Swap 0 & 5->Swap 6 & 8->Swap 3 & 2->Swap 1 & 3->Swap 3 & 1->Swap 2 & 3->Swap 5 & 1->Swap 1 & 0->Swap 8 & 0->Swap 1 & 7->Swap 1 & 4->DONE,16,89,0,Swap 4 & 1->Swap 0 & 8->Swap 5 & 1->Swap 8 & 6->Swap 7 & 5->Swap 0 & 5->Swap 6 & 8->Swap 3 & 2->Swap 1 & 3->Swap 3 & 1->Swap 2 & 3->Swap 0 & 7->Swap 1 & 0->Swap 1 & 4->Swap 5 & 0->Swap 8 & 0->DONE,
123456780,425180763,14,87,0,Swap 6 & 5->Swap 5 & 3->Swap 8 & 7->Swap 7 & 8->Swap 0 & 3->Swap 4 & 1->Swap 8 & 6->Swap 3 & 0->Swap 0 & 3->Swap 1 & 4->Swap 6 & 8->Swap 3 & 0->Swap 3 & 5->Swap 5 & 6->DONE,14,56,0,Swap 6 & 5->Swap 5 & 3->Swap 8 & 7->Swap 7 & 8->Swap 0 & 3->Swap 4 & 1->Swap 8 & 6->Swap 3 & 0->Swap 0 & 3->Swap 1 & 4->Swap 6 & 8->Swap 3 & 0->Swap 3 & 5->Swap 5 & 6->DONE,
123456780,513426780,4,23,0,Swap 5 & 2->Swap 5 & 1->Swap 1 & 5->Swap 2 & 5->DONE,4,23,0,Swap 5 & 2->Swap 5 & 1->Swap 1 & 5->Swap 2 & 5->DONE,
123456780,138205764,26,1973,4,Swap 5 & 2->Swap 8 & 2->Swap 4 & 1->Swap 2 & 7->Swap 0 & 6->Swap 8 & 5->Swap 1 & 4->Swap 2 & 4->Swap 5 & 8->Swap 5 & 1->Swap 7 & 4->Swap 6 & 4->Swap 0 & 8->Swap 1 & 5->Swap 7 & 2->Swap 3 & 5->Swap 8 & 5->Swap 2 & 7->Swap 6 & 0->Swap 8 & 3->Swap 4 & 5->Swap 4 & 6->Swap 4 & 2->Swap 2 & 8->Swap 5 & 0->Swap 5 & 8->DONE,26,99,1,Swap 5 & 2->Swap 8 & 2->Swap 4 & 1->Swap 2 & 7->Swap 0 & 6->Swap 8 & 5->Swap 1 & 4->Swap 2 & 4->Swap 5 & 8->Swap 5 & 1->Swap 7 & 4->Swap 6 & 4->Swap 0 & 8->Swap 1 & 5->Swap 7 & 2->Swap 3 & 5->Swap 8 & 5->Swap 2 & 7->Swap 8 & 3->Swap 6 & 0->Swap 5 & 6->Swap 4 & 0->Swap 5 & 2->Swap 2 & 8->Swap 4 & 8->Swap 4 & 5->DONE,
123456780,523761804,24,584,1,Swap 5 & 4->Swap 5 & 1->Swap 1 & 5->Swap 0 & 8->Swap 0 & 7->Swap 7 & 4->Swap 7 & 5->Swap 8 & 4->Swap 7 & 1->Swap 5 & 1->Swap 6 & 1->Swap 5 & 7->Swap 3 & 2->Swap 8 & 0->Swap 0 & 8->Swap 8 & 0->Swap 2 & 3->Swap 4 & 0->Swap 1 & 6->Swap 7 & 5->Swap 1 & 5->Swap 1 & 7->Swap 4 & 8->Swap 4 & 7->DONE,24,78,0,Swap 5 & 4->Swap 5 & 1->Swap 1 & 5->Swap 0 & 8->Swap 0 & 7->Swap 7 & 4->Swap 7 & 5->Swap 8 & 4->Swap 7 & 1->Swap 5 & 1->Swap 6 & 1->Swap 5 & 7->Swap 3 & 2->Swap 8 & 0->Swap 0 & 8->Swap 8 & 0->Swap 2 & 3->Swap 1 & 6->Swap 4 & 0->Swap 4 & 8->Swap 4 & 7->Swap 4 & 5->Swap 1 & 5->Swap 1 & 4->DONE,
123456780,213806457,22,88,0,Swap 6 & 5->Swap 0 & 5->Swap 8 & 7->Swap 0 & 6->Swap 8 & 4->Swap 5 & 7->Swap 0 & 2->Swap 4 & 8->Swap 7 & 6->Swap 2 & 4->Swap 2 & 1->Swap 4 & 1->Swap 7 & 3->Swap 8 & 4->Swap 3 & 7->Swap 6 & 7->Swap 1 & 0->Swap 1 & 2->Swap 4 & 8->Swap 5 & 0->Swap 7 & 0->Swap 7 & 8->DONE,22,56,0,Swap 6 & 5->Swap 0 & 5->Swap 8 & 7->Swap 0 & 6->Swap 8 & 4->Swap 5 & 7->Swap 0 & 2->Swap 4 & 8->Swap 7 & 6->Swap 2 & 4->Swap 2 & 1->Swap 4 & 1->Swap 7 & 3->Swap 8 & 4->Swap 3 & 7->Swap 6 & 7->Swap 1 & 0->Swap 1 & 2->Swap 4 & 8->Swap 5 & 0->Swap 7 & 0->Swap 7 & 8->DONE,
123456780,630425187,26,16963,38,Swap 8 & 7->Swap 7 & 5->Swap 6 & 7->Swap 8 & 4->Swap 5 & 6->Swap 6 & 4->Swap 6 & 8->Swap 0 & 7->Swap 0 & 3->Swap 6 & 1->Swap 4 & 8->Swap 2 & 6->Swap 6 & 2->Swap 3 & 5->Swap 4 & 1->Swap 3 & 2->Swap 1 & 4->Swap 1 & 6->Swap 4 & 6->Swap 7 & 8->Swap 7 & 6->Swap 2 & 3->Swap 5 & 3->Swap 3 & 0->Swap 8 & 6->Swap 6 & 0->DONE,26,230,1,Swap 8 & 7->Swap 7 & 5->Swap 6 & 7->Swap 8 & 4->Swap 5 & 6->Swap 6 & 4->Swap 6 & 8->Swap 0 & 7->Swap 0 & 3->Swap 6 & 1->Swap 4 & 8->Swap 2 & 6->Swap 6 & 2->Swap 3 & 5->Swap 4 & 1->Swap 3 & 2->Swap 2 & 3->Swap 5 & 3->Swap 3 & 0->Swap 1 & 4->Swap 1 & 6->Swap 4 & 6->Swap 8 & 6->Swap 7 & 6->Swap 6 & 0->Swap 7 & 8->DONE,
123456780,426835107,12,321,0,Swap 8 & 7->Swap 0 & 7->Swap 4 & 1->Swap 6 & 3->Swap 3 & 5->Swap 8 & 1->Swap 7 & 0->Swap 5 & 3->Swap 3 & 6->Swap 1 & 8->Swap 1 & 4->Swap 7 & 8->DONE,12,67,1,Swap 8 & 7->Swap 0 & 7->Swap 4 & 1->Swap 6 & 3->Swap 3 & 5->Swap 8 & 1->Swap 1 & 8->Swap 1 & 4->Swap 5 & 3->Swap 3 & 6->Swap 7 & 0->Swap 7 & 8->DONE,
123456780,421658730,30,2075,4,Swap 4 & 1->Swap 8 & 5->Swap 5 & 7->Swap 6 & 3->Swap 7 & 5->Swap 6 & 2->Swap 1 & 4->Swap 3 & 8->Swap 5 & 3->Swap 6 & 1->Swap 0 & 8->Swap 2 & 1->Swap 8 & 3->Swap 5 & 2->Swap 3 & 8->Swap 2 & 5->Swap 0 & 5->Swap 3 & 0->Swap 8 & 0->Swap 8 & 3->Swap 5 & 8->Swap 4 & 6->Swap 5 & 6->Swap 8 & 6->Swap 3 & 8->Swap 3 & 5->Swap 3 & 4->Swap 1 & 2->Swap 1 & 3->Swap 2 & 3->DONE,30,155,0,Swap 4 & 1->Swap 8 & 5->Swap 5 & 7->Swap 6 & 3->Swap 7 & 5->Swap 6 & 2->Swap 1 & 4->Swap 3 & 8->Swap 5 & 3->Swap 6 & 1->Swap 0 & 8->Swap 2 & 1->Swap 8 & 3->Swap 5 & 2->Swap 3 & 8->Swap 2 & 5->Swap 0 & 5->Swap 3 & 0->Swap 8 & 0->Swap 8 & 3->Swap 5 & 8->Swap 4 & 6->Swap 5 & 6->Swap 8 & 6->Swap 3 & 8->Swap 3 & 2->Swap 1 & 3->Swap 5 & 4->Swap 1 & 5->Swap 2 & 5->DONE,
123456780,182460753,22,168,0,Swap 4 & 1->Swap 5 & 2->Swap 0 & 6->Swap 1 & 4->Swap 0 & 3->Swap 2 & 5->Swap 3 & 5->Swap 5 & 0->Swap 8 & 3->Swap 0 & 5->Swap 6 & 5->Swap 4 & 1->Swap 6 & 0->Swap 5 & 3->Swap 6 & 2->Swap 8 & 6->Swap 1 & 4->Swap 2 & 8->Swap 3 & 0->Swap 3 & 8->Swap 8 & 6->Swap 5 & 8->DONE,22,56,0,Swap 4 & 1->Swap 5 & 2->Swap 0 & 6->Swap 1 & 4->Swap 0 & 3->Swap 2 & 5->Swap 3 & 5->Swap 5 & 0->Swap 8 & 3->Swap 0 & 5->Swap 6 & 5->Swap 4 & 1->Swap 6 & 0->Swap 5 & 3->Swap 6 & 2->Swap 8 & 6->Swap 1 & 4->Swap 3 & 0->Swap 6 & 8->Swap 2 & 6->Swap 3 & 6->Swap 5 & 8->DONE,
123456780,613078452,32,2208,5,Swap 2 & 1->Swap 1 & 2->Swap 0 & 8->Swap 2 & 1->Swap 7 & 4->Swap 3 & 1->Swap 8 & 0->Swap 6 & 5->Swap 5 & 6->Swap 0 & 8->Swap 3 & 2->Swap 1 & 2->Swap 8 & 0->Swap 6 & 2->Swap 6 & 1->Swap 0 & 8->Swap 0 & 5->Swap 8 & 2->Swap 0 & 7->Swap 6 & 3->Swap 5 & 4->Swap 1 & 3->Swap 4 & 5->Swap 4 & 0->Swap 5 & 7->Swap 2 & 8->Swap 7 & 0->Swap 8 & 0->Swap 2 & 5->Swap 1 & 6->Swap 2 & 6->Swap 5 & 6->DONE,32,100,0,Swap 2 & 1->Swap 1 & 2->Swap 0 & 8->Swap 2 & 1->Swap 7 & 4->Swap 3 & 1->Swap 8 & 0->Swap 6 & 5->Swap 5 & 6->Swap 0 & 8->Swap 3 & 2->Swap 1 & 2->Swap 8 & 0->Swap 6 & 2->Swap 6 & 1->Swap 0 & 8->Swap 0 & 5->Swap 8 & 2->Swap 0 & 7->Swap 6 & 3->Swap 5 & 4->Swap 1 & 3->Swap 4 & 5->Swap 1 & 6->Swap 4 & 0->Swap 5 & 7->Swap 2 & 8->Swap 7 & 0->Swap 8 & 0->Swap 5 & 6->Swap 2 & 6->Swap 2 & 5->DONE,
123456780,423756108,12,45,0,Swap 3 & 2->Swap 2 & 3->Swap 4 & 1->Swap 7 & 1->Swap 7 & 4->Swap 0 & 8->Swap 8 & 0->Swap 4 & 7->Swap 0 & 8->Swap 8 & 0->Swap 1 & 7->Swap 1 & 4->DONE,12,34,0,Swap 3 & 2->Swap 2 & 3->Swap 4 & 1->Swap 7 & 1->Swap 7 & 4->Swap 0 & 8->Swap 8 & 0->Swap 4 & 7->Swap 0 & 8->Swap 1 & 7->Swap 1 & 4->Swap 8 & 0->DONE,
123456780,543812760,22,133,0,Swap 4 & 1->Swap 3 & 2->Swap 6 & 5->Swap 5 & 2->Swap 7 & 1->Swap 7 & 4->Swap 4 & 7->Swap 8 & 6->Swap 0 & 6->Swap 0 & 1->Swap 1 & 8->Swap 8 & 0->Swap 8 & 7->Swap 5 & 3->Swap 5 & 4->Swap 6 & 0->Swap 1 & 4->Swap 4 & 8->Swap 6 & 8->Swap 1 & 5->Swap 2 & 6->Swap 2 & 5->DONE,22,78,0,Swap 4 & 1->Swap 3 & 2->Swap 6 & 5->Swap 5 & 2->Swap 7 & 1->Swap 7 & 4->Swap 4 & 7->Swap 8 & 6->Swap 0 & 6->Swap 0 & 1->Swap 1 & 8->Swap 8 & 0->Swap 8 & 7->Swap 5 & 3->Swap 5 & 4->Swap 6 & 0->Swap 4 & 5->Swap 1 & 8->Swap 1 & 4->Swap 6 & 8->Swap 2 & 6->Swap 2 & 5->DONE,
123456780,123576480,6,34,0,Swap 7 & 4->Swap 5 & 7->Swap 6 & 3->Swap 3 & 6->Swap 7 & 5->Swap 4 & 7->DONE,6,23,0,Swap 7 & 4->Swap 5 & 7->Swap 6 & 3->Swap 3 & 6->Swap 7 & 5->Swap 4 & 7->DONE,
123456780,425186370,22,453,1,Swap 0 & 8->Swap 0 & 7->Swap 4 & 1->Swap 6 & 3->Swap 7 & 0->Swap 3 & 5->Swap 8 & 0->Swap 2 & 4->Swap 5 & 6->Swap 8 & 3->Swap 3 & 8->Swap 7 & 1->Swap 4 & 2->Swap 3 & 7->Swap 1 & 3->Swap 8 & 7->Swap 1 & 4->Swap 7 & 3->Swap 3 & 8->Swap 5 & 2->Swap 3 & 5->Swap 2 & 3->DONE,22,67,0,Swap 0 & 8->Swap 0 & 7->Swap 4 & 1->Swap 6 & 3->Swap 7 & 0->Swap 3 & 5->Swap 8 & 0->Swap 2 & 4->Swap 5 & 6->Swap 8 & 3->Swap 3 & 8->Swap 7 & 1->Swap 4 & 2->Swap 3 & 7->Swap 1 & 3->Swap 8 & 7->Swap 1 & 4->Swap 7 & 3->Swap 3 & 8->Swap 3 & 2->Swap 5 & 3->Swap 2 & 5->DONE,
123456780,310286574,26,15474,42,Swap 5 & 4->Swap 7 & 5->Swap 0 & 6->Swap 0 & 3->Swap 5 & 7->Swap 4 & 5->Swap 5 & 4->Swap 3 & 4->Swap 4 & 0->Swap 3 & 5->Swap 0 & 4->Swap 8 & 5->Swap 6 & 4->Swap 2 & 1->Swap 5 & 7->Swap 3 & 2->Swap 8 & 2->Swap 1 & 3->Swap 4 & 7->Swap 0 & 3->Swap 2 & 0->Swap 4 & 0->Swap 4 & 8->Swap 7 & 0->Swap 7 & 5->Swap 5 & 8->DONE,26,199,0,Swap 5 & 4->Swap 7 & 5->Swap 0 & 6->Swap 0 & 3->Swap 5 & 7->Swap 4 & 5->Swap 5 & 4->Swap 3 & 4->Swap 4 & 0->Swap 3 & 5->Swap 0 & 4->Swap 8 & 5->Swap 6 & 4->Swap 2 & 1->Swap 5 & 7->Swap 3 & 2->Swap 1 & 3->Swap 7 & 5->Swap 5 & 8->Swap 6 & 0->Swap 4 & 0->Swap 4 & 6->Swap 4 & 3->Swap 4 & 1->Swap 2 & 4->Swap 1 & 2->DONE,
123456780,430152768,12,139,0,Swap 0 & 6->Swap 8 & 5->Swap 5 & 8->Swap 3 & 2->Swap 0 & 2->Swap 6 & 8->Swap 4 & 1->Swap 1 & 4->Swap 2 & 0->Swap 2 & 3->Swap 8 & 6->Swap 6 & 0->DONE,12,56,0,Swap 0 & 6->Swap 8 & 5->Swap 5 & 8->Swap 3 & 2->Swap 0 & 2->Swap 6 & 8->Swap 4 & 1->Swap 1 & 4->Swap 2 & 0->Swap 2 & 3->Swap 8 & 6->Swap 6 & 0->DONE,
123456780,154263078,18,223,0,Swap 2 & 1->Swap 5 & 1->Swap 1 & 5->Swap 4 & 2->Swap 6 & 5->Swap 0 & 8->Swap 6 & 2->Swap 5 & 3->Swap 2 & 6->Swap 0 & 7->Swap 1 & 4->Swap 5 & 4->Swap 7 & 0->Swap 8 & 0->Swap 3 & 4->Swap 4 & 6->Swap 4 & 2->Swap 2 & 5->DONE,18,67,0,Swap 2 & 1->Swap 5 & 1->Swap 1 & 5->Swap 4 & 2->Swap 6 & 5->Swap 0 & 8->Swap 6 & 2->Swap 5 & 3->Swap 2 & 6->Swap 0 & 7->Swap 1 & 4->Swap 5 & 4->Swap 3 & 4->Swap 4 & 6->Swap 4 & 2->Swap 2 & 5->Swap 7 & 0->Swap 8 & 0->DONE,
123456780,843120756,10,118,0,Swap 8 & 5->Swap 8 & 4->Swap 8 & 1->Swap 4 & 2->Swap 0 & 6->Swap 6 & 0->Swap 1 & 8->Swap 2 & 4->Swap 4 & 8->Swap 5 & 8->DONE,10,56,0,Swap 8 & 5->Swap 8 & 4->Swap 8 & 1->Swap 4 & 2->Swap 0 & 6->Swap 1 & 8->Swap 2 & 4->Swap 4 & 8->Swap 5 & 8->Swap 6 & 0->DONE,
123456780,631275408,18,216,0,Swap 5 & 2->Swap 6 & 3->Swap 6 & 5->Swap 7 & 4->Swap 2 & 7->Swap 0 & 8->Swap 3 & 5->Swap 8 & 0->Swap 6 & 1->Swap 3 & 1->Swap 0 & 8->Swap 8 & 0->Swap 1 & 3->Swap 1 & 6->Swap 7 & 2->Swap 4 & 7->Swap 2 & 6->Swap 5 & 6->DONE,18,78,1,Swap 5 & 2->Swap 6 & 3->Swap 6 & 5->Swap 7 & 4->Swap 2 & 7->Swap 0 & 8->Swap 3 & 5->Swap 8 & 0->Swap 6 & 1->Swap 3 & 1->Swap 0 & 8->Swap 2 & 6->Swap 1 & 3->Swap 1 & 2->Swap 7 & 6->Swap 4 & 7->Swap 5 & 6->Swap 8 & 0->DONE,
123456780,563142708,14,283,0,Swap 0 & 8->Swap 8 & 0->Swap 6 & 3->Swap 6 & 2->Swap 5 & 4->Swap 5 & 1->Swap 0 & 8->Swap 3 & 2->Swap 8 & 0->Swap 4 & 1->Swap 1 & 6->Swap 1 & 5->Swap 2 & 6->Swap 2 & 5->DONE,14,77,0,Swap 0 & 8->Swap 8 & 0->Swap 6 & 3->Swap 6 & 2->Swap 5 & 4->Swap 5 & 1->Swap 0 & 8->Swap 3 & 2->Swap 1 & 5->Swap 4 & 5->Swap 8 & 0->Swap 5 & 6->Swap 2 & 6->Swap 2 & 5->DONE,
123456780,532467810,30,482,1,Swap 0 & 6->Swap 5 & 2->Swap 0 & 2->Swap 6 & 2->Swap 8 & 7->Swap 3 & 5->Swap 2 & 6->Swap 2 & 5->Swap 5 & 0->Swap 0 & 5->Swap 7 & 0->Swap 6 & 5->Swap 0 & 7->Swap 6 & 0->Swap 5 & 7->Swap 3 & 1->Swap 6 & 1->Swap 5 & 1->Swap 6 & 3->Swap 7 & 0->Swap 5 & 4->Swap 5 & 6->Swap 4 & 6->Swap 2 & 3->Swap 1 & 8->Swap 7 & 6->Swap 7 & 4->Swap 1 & 7->Swap 1 & 5->Swap 4 & 5->DONE,30,89,0,Swap 0 & 6->Swap 5 & 2->Swap 0 & 2->Swap 6 & 2->Swap 8 & 7->Swap 3 & 5->Swap 2 & 6->Swap 2 & 5->Swap 5 & 0->Swap 0 & 5->Swap 7 & 0->Swap 6 & 5->Swap 0 & 7->Swap 6 & 0->Swap 5 & 7->Swap 3 & 1->Swap 6 & 1->Swap 5 & 1->Swap 6 & 3->Swap 7 & 0->Swap 5 & 4->Swap 5 & 6->Swap 4 & 6->Swap 2 & 3->Swap 7 & 6->Swap 1 & 7->Swap 7 & 8->Swap 1 & 4->Swap 1 & 5->Swap 4 & 5->DONE,
123456780,123750486,6,23,1,Swap 0 & 6->Swap 3 & 2->Swap 2 & 3->Swap 7 & 4->Swap 4 & 7->Swap 6 & 0->DONE,6,23,0,Swap 0 & 6->Swap 3 & 2->Swap 2 & 3->Swap 7 & 4->Swap 4 & 7->Swap 6 & 0->DONE,
123456780,813526470,14,173,0,Swap 8 & 7->Swap 0 & 7->Swap 8 & 4->Swap 6 & 3->Swap 2 & 1->Swap 8 & 2->Swap 3 & 6->Swap 7 & 0->Swap 5 & 2->Swap 4 & 5->Swap 7 & 5->Swap 1 & 8->Swap 2 & 8->Swap 5 & 8->DONE,14,56,0,Swap 8 & 7->Swap 0 & 7->Swap 8 & 4->Swap 6 & 3->Swap 2 & 1->Swap 8 & 2->Swap 3 & 6->Swap 7 & 0->Swap 5 & 2->Swap 1 & 8->Swap 2 & 8->Swap 4 & 5->Swap 7 & 5->Swap 5 & 8->DONE,
123456780,683175420,16,510,1,Swap 6 & 5->Swap 6 & 4->Swap 8 & 4->Swap 8 & 2->Swap 4 & 7->Swap 2 & 8->Swap 8 & 2->Swap 6 & 1->Swap 7 & 2->Swap 7 & 1->Swap 4 & 7->Swap 1 & 8->Swap 1 & 6->Swap 2 & 8->Swap 2 & 6->Swap 5 & 6->DONE,16,88,0,Swap 6 & 5->Swap 6 & 4->Swap 8 & 4->Swap 8 & 2->Swap 4 & 7->Swap 2 & 8->Swap 8 & 2->Swap 6 & 1->Swap 7 & 2->Swap 1 & 6->Swap 7 & 6->Swap 4 & 7->Swap 5 & 6->Swap 2 & 5->Swap 2 & 8->Swap 5 & 8->DONE,
123456780,421570386,28,966,2,Swap 5 & 2->Swap 8 & 7->Swap 8 & 4->Swap 6 & 2->Swap 2 & 3->Swap 4 & 8->Swap 0 & 7->Swap 3 & 2->Swap 7 & 0->Swap 2 & 6->Swap 5 & 1->Swap 6 & 2->Swap 3 & 1->Swap 2 & 6->Swap 3 & 5->Swap 2 & 5->Swap 4 & 3->Swap 5 & 3->Swap 0 & 6->Swap 7 & 3->Swap 3 & 8->Swap 6 & 0->Swap 7 & 5->Swap 3 & 7->Swap 3 & 4->Swap 2 & 3->Swap 1 & 3->Swap 1 & 2->DONE,28,88,0,Swap 5 & 2->Swap 8 & 7->Swap 8 & 4->Swap 6 & 2->Swap 2 & 3->Swap 4 & 8->Swap 0 & 7->Swap 3 & 2->Swap 7 & 0->Swap 2 & 6->Swap 5 & 1->Swap 6 & 2->Swap 3 & 1->Swap 2 & 6->Swap 3 & 5->Swap 2 & 5->Swap 4 & 3->Swap 5 & 3->Swap 0 & 6->Swap 7 & 3->Swap 3 & 8->Swap 7 & 5->Swap 3 & 7->Swap 3 & 4->Swap 6 & 0->Swap 2 & 3->Swap 1 & 3->Swap 1 & 2->DONE,
123456780,316257480,28,947,2,Swap 2 & 1->Swap 1 & 2->Swap 0 & 8->Swap 0 & 5->Swap 2 & 1->Swap 3 & 1->Swap 8 & 5->Swap 6 & 0->Swap 7 & 4->Swap 6 & 7->Swap 7 & 3->Swap 0 & 3->Swap 3 & 0->Swap 5 & 0->Swap 3 & 6->Swap 3 & 2->Swap 6 & 7->Swap 1 & 6->Swap 5 & 7->Swap 4 & 2->Swap 2 & 4->Swap 1 & 3->Swap 7 & 6->Swap 7 & 3->Swap 5 & 2->Swap 2 & 7->Swap 7 & 5->Swap 4 & 7->DONE,28,111,0,Swap 2 & 1->Swap 1 & 2->Swap 0 & 8->Swap 0 & 5->Swap 2 & 1->Swap 3 & 1->Swap 8 & 5->Swap 6 & 0->Swap 7 & 4->Swap 6 & 7->Swap 7 & 3->Swap 0 & 3->Swap 3 & 0->Swap 5 & 0->Swap 3 & 6->Swap 3 & 2->Swap 6 & 7->Swap 1 & 6->Swap 5 & 7->Swap 4 & 2->Swap 2 & 4->Swap 1 & 3->Swap 7 & 6->Swap 7 & 3->Swap 2 & 1->Swap 7 & 2->Swap 1 & 7->Swap 4 & 7->DONE,
123456780,320415786,16,677,2,Swap 3 & 2->Swap 0 & 6->Swap 3 & 1->Swap 2 & 1->Swap 0 & 1->Swap 1 & 5->Swap 5 & 0->Swap 8 & 7->Swap 0 & 5->Swap 7 & 8->Swap 5 & 0->Swap 6 & 0->Swap 1 & 2->Swap 1 & 3->Swap 5 & 3->Swap 2 & 5->DONE,16,122,0,Swap 3 & 2->Swap 0 & 6->Swap 3 & 1->Swap 2 & 1->Swap 0 & 1->Swap 1 & 5->Swap 5 & 0->Swap 8 & 7->Swap 0 & 5->Swap 7 & 8->Swap 5 & 0->Swap 6 & 0->Swap 2 & 3->Swap 5 & 3->Swap 1 & 5->Swap 1 & 2->DONE,
123456780,146278503,24,545,1,Swap 6 & 3->Swap 2 & 1->Swap 1 & 2->Swap 3 & 5->Swap 2 & 1->Swap 8 & 7->Swap 3 & 1->Swap 0 & 7->Swap 7 & 5->Swap 1 & 3->Swap 0 & 8->Swap 8 & 3->Swap 4 & 2->Swap 5 & 3->Swap 1 & 4->Swap 5 & 0->Swap 7 & 8->Swap 3 & 8->Swap 3 & 6->Swap 8 & 0->Swap 7 & 2->Swap 2 & 4->Swap 5 & 7->Swap 4 & 5->DONE,24,78,0,Swap 6 & 3->Swap 2 & 1->Swap 1 & 2->Swap 3 & 5->Swap 2 & 1->Swap 8 & 7->Swap 3 & 1->Swap 0 & 7->Swap 7 & 5->Swap 1 & 3->Swap 0 & 8->Swap 8 & 3->Swap 4 & 2->Swap 5 & 3->Swap 1 & 4->Swap 5 & 0->Swap 7 & 8->Swap 7 & 2->Swap 2 & 4->Swap 5 & 7->Swap 4 & 5->Swap 3 & 8->Swap 3 & 6->Swap 8 & 0->DONE,
123456780,382156407,26,548,2,Swap 3 & 2->Swap 8 & 7->Swap 7 & 8->Swap 8 & 7->Swap 2 & 3->Swap 8 & 4->Swap 0 & 6->Swap 6 & 7->Swap 3 & 2->Swap 7 & 0->Swap 6 & 5->Swap 7 & 6->Swap 6 & 7->Swap 0 & 7->Swap 7 & 5->Swap 5 & 7->Swap 8 & 1->Swap 0 & 6->Swap 3 & 8->Swap 5 & 0->Swap 7 & 0->Swap 8 & 3->Swap 2 & 3->Swap 1 & 8->Swap 4 & 8->Swap 7 & 8->DONE,26,78,0,Swap 3 & 2->Swap 8 & 7->Swap 7 & 8->Swap 8 & 7->Swap 2 & 3->Swap 8 & 4->Swap 0 & 6->Swap 6 & 7->Swap 3 & 2->Swap 7 & 0->Swap 6 & 5->Swap 7 & 6->Swap 6 & 7->Swap 0 & 7->Swap 7 & 5->Swap 5 & 7->Swap 8 & 1->Swap 0 & 6->Swap 3 & 8->Swap 5 & 0->Swap 7 & 0->Swap 8 & 3->Swap 1 & 8->Swap 2 & 3->Swap 4 & 8->Swap 7 & 8->DONE,
123456780,437128560,16,366,1,Swap 8 & 7->Swap 7 & 5->Swap 5 & 8->Swap 7 & 2->Swap 4 & 1->Swap 3 & 7->Swap 0 & 8->Swap 8 & 6->Swap 6 & 0->Swap 1 & 4->Swap 7 & 3->Swap 2 & 7->Swap 6 & 7->Swap 8 & 6->Swap 7 & 5->Swap 5 & 8->DONE,16,78,0,Swap 8 & 7->Swap 7 & 5->Swap 5 & 8->Swap 7 & 2->Swap 4 & 1->Swap 3 & 7->Swap 0 & 8->Swap 8 & 6->Swap 6 & 0->Swap 1 & 4->Swap 7 & 3->Swap 2 & 7->Swap 6 & 7->Swap 8 & 6->Swap 7 & 5->Swap 5 & 8->DONE,
123456780,635142870,14,150,0,Swap 4 & 1->Swap 1 & 4->Swap 6 & 5->Swap 6 & 4->Swap 3 & 2->Swap 6 & 1->Swap 8 & 7->Swap 5 & 2->Swap 7 & 8->Swap 1 & 6->Swap 5 & 3->Swap 4 & 6->Swap 2 & 6->Swap 2 & 5->DONE,14,67,0,Swap 4 & 1->Swap 1 & 4->Swap 6 & 5->Swap 6 & 4->Swap 3 & 2->Swap 6 & 1->Swap 8 & 7->Swap 5 & 2->Swap 1 & 6->Swap 5 & 3->Swap 4 & 6->Swap 2 & 6->Swap 2 & 5->Swap 7 & 8->DONE,
123456780,176423580,14,143,1,Swap 7 & 4->Swap 5 & 7->Swap 2 & 1->Swap 6 & 3->Swap 1 & 2->Swap 7 & 2->Swap 2 & 7->Swap 7 & 2->Swap 4 & 5->Swap 3 & 6->Swap 2 & 7->Swap 5 & 4->Swap 7 & 5->Swap 4 & 7->DONE,14,66,0,Swap 7 & 4->Swap 5 & 7->Swap 2 & 1->Swap 6 & 3->Swap 1 & 2->Swap 7 & 2->Swap 2 & 7->Swap 7 & 2->Swap 4 & 5->Swap 2 & 7->Swap 3 & 6->Swap 5 & 4->Swap 7 & 5->Swap 4 & 7->DONE,
123456780,13724685,20,795,1,Swap 0 & 8->Swap 2 & 1->Swap 8 & 0->Swap 1 & 2->Swap 6 & 5->Swap 0 & 8->Swap 7 & 4->Swap 0 & 6->Swap 6 & 4->Swap 0 & 2->Swap 8 & 4->Swap 0 & 1->Swap 4 & 5->Swap 1 & 0->Swap 2 & 0->Swap 4 & 0->Swap 5 & 0->Swap 6 & 7->Swap 4 & 6->Swap 5 & 6->DONE,20,78,1,Swap 0 & 8->Swap 2 & 1->Swap 8 & 0->Swap 1 & 2->Swap 6 & 5->Swap 0 & 8->Swap 7 & 4->Swap 0 & 6->Swap 6 & 4->Swap 0 & 2->Swap 8 & 4->Swap 0 & 1->Swap 4 & 5->Swap 1 & 0->Swap 2 & 0->Swap 6 & 7->Swap 4 & 0->Swap 4 & 6->Swap 5 & 0->Swap 5 & 6->DONE,
123456780,534762180,16,135,0,Swap 4 & 1->Swap 5 & 2->Swap 7 & 1->Swap 5 & 4->Swap 2 & 7->Swap 3 & 4->Swap 0 & 8->Swap 8 & 0->Swap 7 & 2->Swap 6 & 2->Swap 1 & 7->Swap 4 & 3->Swap 2 & 6->Swap 2 & 4->Swap 1 & 5->Swap 4 & 5->DONE,16,67,0,Swap 4 & 1->Swap 5 & 2->Swap 7 & 1->Swap 5 & 4->Swap 2 & 7->Swap 3 & 4->Swap 0 & 8->Swap 8 & 0->Swap 7 & 2->Swap 6 & 2->Swap 4 & 3->Swap 4 & 5->Swap 1 & 7->Swap 1 & 4->Swap 2 & 6->Swap 2 & 5->DONE,
123456780,123576408,6,45,0,Swap 7 & 4->Swap 5 & 7->Swap 0 & 8->Swap 8 & 0->Swap 7 & 5->Swap 4 & 7->DONE,6,34,0,Swap 7 & 4->Swap 5 & 7->Swap 0 & 8->Swap 7 & 5->Swap 4 & 7->Swap 8 & 0->DONE,
123456780,538214760,16,295,1,Swap 5 & 4->Swap 2 & 1->Swap 0 & 8->Swap 8 & 6->Swap 8 & 3->Swap 6 & 0->Swap 5 & 2->Swap 3 & 4->Swap 3 & 1->Swap 8 & 3->Swap 1 & 8->Swap 1 & 5->Swap 6 & 8->Swap 4 & 6->Swap 4 & 2->Swap 2 & 5->DONE,16,78,0,Swap 5 & 4->Swap 2 & 1->Swap 0 & 8->Swap 8 & 6->Swap 8 & 3->Swap 6 & 0->Swap 5 & 2->Swap 3 & 4->Swap 3 & 1->Swap 2 & 5->Swap 8 & 3->Swap 1 & 8->Swap 1 & 2->Swap 6 & 8->Swap 4 & 6->Swap 4 & 5->DONE,
123456780,312480756,14,45,0,Swap 3 & 2->Swap 6 & 5->Swap 8 & 6->Swap 6 & 8->Swap 0 & 5->Swap 8 & 6->Swap 6 & 7->Swap 3 & 1->Swap 7 & 6->Swap 5 & 6->Swap 5 & 8->Swap 6 & 0->Swap 1 & 3->Swap 2 & 3->DONE,14,45,0,Swap 3 & 2->Swap 6 & 5->Swap 8 & 6->Swap 6 & 8->Swap 0 & 5->Swap 8 & 6->Swap 6 & 7->Swap 3 & 1->Swap 7 & 6->Swap 5 & 6->Swap 1 & 3->Swap 2 & 3->Swap 5 & 8->Swap 6 & 0->DONE,
123456780,423758106,14,56,0,Swap 6 & 5->Swap 6 & 4->Swap 4 & 6->Swap 0 & 5->Swap 5 & 8->Swap 4 & 1->Swap 7 & 1->Swap 5 & 6->Swap 8 & 0->Swap 0 & 6->Swap 1 & 7->Swap 1 & 4->Swap 6 & 8->Swap 8 & 0->DONE,14,45,0,Swap 6 & 5->Swap 6 & 4->Swap 4 & 6->Swap 0 & 5->Swap 5 & 8->Swap 4 & 1->Swap 7 & 1->Swap 5 & 6->Swap 8 & 0->Swap 0 & 6->Swap 1 & 7->Swap 1 & 4->Swap 6 & 8->Swap 8 & 0->DONE,
123456780,183526074,24,139,1,Swap 8 & 7->Swap 3 & 2->Swap 2 & 3->Swap 0 & 6->Swap 6 & 0->Swap 7 & 5->Swap 8 & 4->Swap 8 & 1->Swap 5 & 4->Swap 1 & 8->Swap 4 & 7->Swap 4 & 8->Swap 0 & 7->Swap 8 & 2->Swap 5 & 4->Swap 7 & 0->Swap 7 & 4->Swap 0 & 4->Swap 0 & 7->Swap 2 & 8->Swap 7 & 0->Swap 4 & 0->Swap 4 & 8->Swap 4 & 5->DONE,24,56,0,Swap 8 & 7->Swap 3 & 2->Swap 2 & 3->Swap 0 & 6->Swap 6 & 0->Swap 7 & 5->Swap 8 & 4->Swap 8 & 1->Swap 5 & 4->Swap 1 & 8->Swap 4 & 7->Swap 4 & 8->Swap 0 & 7->Swap 8 & 2->Swap 5 & 4->Swap 7 & 0->Swap 7 & 4->Swap 0 & 4->Swap 0 & 7->Swap 2 & 8->Swap 7 & 0->Swap 4 & 0->Swap 4 & 8->Swap 4 & 5->DONE,
